Histórico de proventos,,,,,,,,Proventos por ativo,,,,Proventos por mês,,,,,,Total Reais,Total Dolar*,Média mensal
Data Pagamento,Mês/ano,Corretora,Ativo,Moeda,Valor,Tipo,,Ativo,Soma,Percentual,,Mês/ano,Proventos Reais,Proventos Dolar,Consolidado,% do total,,"R$ 23.007,85",#VALUE!,#VALUE!
12/04/2019,4/2019,EASYNVEST - TÍTULO CORRETORA DE VALORES SA,HGLG11,Real,"R$ 0,75",Rendimentos,,HGLG11,"R$ 4.238,94","18,424%",,4/2019,"R$ 1,49",#VALUE!,#VALUE!,#VALUE!,,,,
12/04/2019,4/2019,EASYNVEST - TÍTULO CORRETORA DE VALORES SA,KNRI11,Real,"R$ 0,74",Rendimentos,,KNRI11,"R$ 3.503,54","15,228%",,5/2019,"R$ 2,24",#VALUE!,#VALUE!,#VALUE!,,Ano,Total,Média mensal
15/05/2019,5/2019,EASYNVEST - TÍTULO CORRETORA DE VALORES SA,HGLG11,Real,"R$ 1,50",Rendimentos,,BCFF11,"R$ 4.673,59","20,313%",,6/2019,"R$ 2,99",#VALUE!,#VALUE!,#VALUE!,,2019*,#VALUE!,#VALUE!
15/05/2019,5/2019,EASYNVEST - TÍTULO CORRETORA DE VALORES SA,KNRI11,Real,"R$ 0,74",Rendimentos,,B3SA3,"R$ 287,79","1,251%",,7/2019,"R$ 11,89",#VALUE!,#VALUE!,#VALUE!,,2020,#VALUE!,#VALUE!
14/06/2019,6/2019,EASYNVEST - TÍTULO CORRETORA DE VALORES SA,HGLG11,Real,"R$ 2,25",Rendimentos,,WEGE3,"R$ 157,21","0,683%",,8/2019,"R$ 29,96",#VALUE!,#VALUE!,#VALUE!,,2021,#VALUE!,#VALUE!
14/06/2019,6/2019,EASYNVEST - TÍTULO CORRETORA DE VALORES SA,KNRI11,Real,"R$ 0,74",Rendimentos,,IPCA+ Juros,"R$ 847,97","3,686%",,9/2019,"R$ 8,08",#VALUE!,#VALUE!,#VALUE!,,2022,#VALUE!,#VALUE!
12/07/2019,7/2019,EASYNVEST - TÍTULO CORRETORA DE VALORES SA,HGLG11,Real,"R$ 2,25",Rendimentos,,GRND3,"R$ 488,96","2,125%",,10/2019,"R$ 10,71",#VALUE!,#VALUE!,#VALUE!,,2023,#VALUE!,#VALUE!
12/07/2019,7/2019,EASYNVEST - TÍTULO CORRETORA DE VALORES SA,KNRI11,Real,"R$ 0,74",Rendimentos,,ITSA4,"R$ 295,99","1,286%",,11/2019,"R$ 11,37",#VALUE!,#VALUE!,#VALUE!,,2024,#VALUE!,#VALUE!
15/07/2019,7/2019,EASYNVEST - TÍTULO CORRETORA DE VALORES SA,BCFF11,Real,"R$ 1,71",Rendimentos,,FLRY3,"R$ 274,94","1,195%",,12/2019,"R$ 12,46",#VALUE!,#VALUE!,#VALUE!,,2025,#VALUE!,#VALUE!
17/07/2019,7/2019,INTERMEDIUM DISTRIBUIDORA DE TITULOS E VALORES MOBILIARIOS LTDA.,B3SA3,Real,"R$ 0,10",Dividendo,,IVV,"$81,03","0,352%",,1/2020,"R$ 19,31",#VALUE!,#VALUE!,#VALUE!,,,,
14/08/2019,8/2019,EASYNVEST - TÍTULO CORRETORA DE VALORES SA,BCFF11,Real,"R$ 2,28",Rendimentos,,ABEV3,"R$ 220,01","0,956%",,2/2020,"R$ 74,90",#VALUE!,#VALUE!,#VALUE!,,,,
14/08/2019,8/2019,EASYNVEST - TÍTULO CORRETORA DE VALORES SA,HGLG11,Real,"R$ 2,25",Rendimentos,,KLBN11,"R$ 0,04","0,000%",,3/2020,"R$ 28,71",#VALUE!,#VALUE!,#VALUE!,,,,
14/08/2019,8/2019,EASYNVEST - TÍTULO CORRETORA DE VALORES SA,KNRI11,Real,"R$ 1,48",Rendimentos,,HFOF11,"R$ 3.899,58","16,949%",,4/2020,"R$ 78,57",#VALUE!,#VALUE!,#VALUE!,,,,
14/08/2019,8/2019,INTERMEDIUM DISTRIBUIDORA DE TITULOS E VALORES MOBILIARIOS LTDA.,WEGE3,Real,"R$ 0,11",Juros sobre capital próprio,,BOVA11,"R$ 2,32","0,010%",,5/2020,"R$ 135,88",#VALUE!,#VALUE!,#VALUE!,,,,
14/08/2019,8/2019,INTERMEDIUM DISTRIBUIDORA DE TITULOS E VALORES MOBILIARIOS LTDA.,WEGE3,Real,"R$ 0,35",Dividendo,,IVVB11,"R$ 0,03","0,000%",,6/2020,"R$ 168,30",#VALUE!,#VALUE!,#VALUE!,,,,
15/08/2019,8/2019,EASYNVEST - TÍTULO CORRETORA DE VALORES SA,IPCA+ Juros,Real,"R$ 20,94",Pgto. Juros,,MDIA3,"R$ 137,65","0,598%",,7/2020,"R$ 164,23",#VALUE!,#VALUE!,#VALUE!,,,,
15/08/2019,8/2019,INTERMEDIUM DISTRIBUIDORA DE TITULOS E VALORES MOBILIARIOS LTDA.,IPCA+ Juros,Real,"R$ 0,82",Pgto. Juros,,ITUB4,"R$ 1,73","0,008%",,8/2020,"R$ 186,62",#VALUE!,#VALUE!,#VALUE!,,,,
21/08/2019,8/2019,INTERMEDIUM DISTRIBUIDORA DE TITULOS E VALORES MOBILIARIOS LTDA.,GRND3,Real,"R$ 0,03",Dividendo,,SLCE3,"R$ 0,78","0,003%",,9/2020,"R$ 149,30",#VALUE!,#VALUE!,#VALUE!,,,,
23/08/2019,8/2019,INTERMEDIUM DISTRIBUIDORA DE TITULOS E VALORES MOBILIARIOS LTDA.,ITSA4,Real,"R$ 1,70",Dividendo,,WIZC3,"R$ 311,95","1,356%",,10/2020,"R$ 148,76",#VALUE!,#VALUE!,#VALUE!,,,,
13/09/2019,9/2019,EASYNVEST - TÍTULO CORRETORA DE VALORES SA,BCFF11,Real,"R$ 2,85",Rendimentos,,RADL3,"R$ 0,18","0,001%",,11/2020,"R$ 155,30",#VALUE!,#VALUE!,#VALUE!,,,,
13/09/2019,9/2019,EASYNVEST - TÍTULO CORRETORA DE VALORES SA,HGLG11,Real,"R$ 3,75",Rendimentos,,JNJ,"$1,52","0,007%",,12/2020,"R$ 185,38",#VALUE!,#VALUE!,#VALUE!,,,,
13/09/2019,9/2019,EASYNVEST - TÍTULO CORRETORA DE VALORES SA,KNRI11,Real,"R$ 1,48",Rendimentos,,CSAN3,"$1,49","0,006%",,1/2021,"R$ 283,33",#VALUE!,#VALUE!,#VALUE!,,,,
01/10/2019,10/2019,INTERMEDIUM DISTRIBUIDORA DE TITULOS E VALORES MOBILIARIOS LTDA.,ITSA4,Real,"R$ 0,16",Dividendo,,SAPR11,"$323,92","1,408%",,2/2021,"R$ 212,06",#VALUE!,#VALUE!,#VALUE!,,,,
04/10/2019,10/2019,INTERMEDIUM DISTRIBUIDORA DE TITULOS E VALORES MOBILIARIOS LTDA.,FLRY3,Real,"R$ 0,68",Juros sobre capital próprio,,CPLE6,"$164,36","0,714%",,3/2021,"R$ 192,26",#VALUE!,#VALUE!,#VALUE!,,,,
07/10/2019,10/2019,INTERMEDIUM DISTRIBUIDORA DE TITULOS E VALORES MOBILIARIOS LTDA.,B3SA3,Real,"R$ 0,38",Dividendo,,VNQ,"$180,49","0,784%",,4/2021,"R$ 273,24",#VALUE!,#VALUE!,#VALUE!,,,,
07/10/2019,10/2019,INTERMEDIUM DISTRIBUIDORA DE TITULOS E VALORES MOBILIARIOS LTDA.,B3SA3,Real,"R$ 0,48",Juros sobre capital próprio,,NOBL,"$100,19","0,435%",,5/2021,"R$ 257,18",#VALUE!,#VALUE!,#VALUE!,,,,
14/10/2019,10/2019,EASYNVEST - TÍTULO CORRETORA DE VALORES SA,BCFF11,Real,"R$ 2,85",Rendimentos,,MGLU3,"R$ 0,09","0,000%",,6/2021,"R$ 236,99",#VALUE!,#VALUE!,#VALUE!,,,,
14/10/2019,10/2019,EASYNVEST - TÍTULO CORRETORA DE VALORES SA,HGLG11,Real,"R$ 4,68",Rendimentos,,SMAL11,"R$ 0,20","0,001%",,7/2021,"R$ 249,09",#VALUE!,#VALUE!,#VALUE!,,,,
14/10/2019,10/2019,EASYNVEST - TÍTULO CORRETORA DE VALORES SA,KNRI11,Real,"R$ 1,48",Rendimentos,,PSSA3,"R$ 0,98","0,004%",,8/2021,"R$ 386,13",#VALUE!,#VALUE!,#VALUE!,,,,
14/11/2019,11/2019,EASYNVEST - TÍTULO CORRETORA DE VALORES SA,BCFF11,Real,"R$ 3,71",Rendimentos,,VALE3,"R$ 25,67","0,112%",,9/2021,"R$ 184,32",#VALUE!,#VALUE!,#VALUE!,,,,
14/11/2019,11/2019,EASYNVEST - TÍTULO CORRETORA DE VALORES SA BCFF13,BCFF11,Real,"R$ 0,20",Rendimentos,,BBDC4,"R$ 22,80","0,099%",,10/2021,"R$ 225,27",#VALUE!,#VALUE!,#VALUE!,,,,
14/11/2019,11/2019,EASYNVEST - TÍTULO CORRETORA DE VALORES SA,HGLG11,Real,"R$ 5,46",Rendimentos,,EZTC3,"R$ 252,12","1,096%",,11/2021,"R$ 458,66",#VALUE!,#VALUE!,#VALUE!,,,,
14/11/2019,11/2019,EASYNVEST - TÍTULO CORRETORA DE VALORES SA,KNRI11,Real,"R$ 1,48",Rendimentos,,GGBR4,"R$ 307,23","1,335%",,12/2021,"R$ 293,03",#VALUE!,#VALUE!,#VALUE!,,,,
19/11/2019,11/2019,INTERMEDIUM DISTRIBUIDORA DE TITULOS E VALORES MOBILIARIOS LTDA.,GRND3,Real,"R$ 0,52",Dividendo,,PETR4,"R$ 0,00","0,000%",,1/2022,"R$ 294,68",#VALUE!,#VALUE!,#VALUE!,,,,
12/12/2019,12/2019,EASYNVEST - TÍTULO CORRETORA DE VALORES SA,BCFF11,Real,"R$ 3,71",Rendimentos,,CYRE3,"R$ 58,87","0,256%",,2/2022,"R$ 390,16",#VALUE!,#VALUE!,#VALUE!,,,,
12/12/2019,12/2019,EASYNVEST - TÍTULO CORRETORA DE VALORES SA BCFF13,BCFF11,Real,"R$ 0,29",Rendimentos,,ESPO,"R$ 76,29","0,332%",,3/2022,"R$ 328,78",#VALUE!,#VALUE!,#VALUE!,,,,
13/12/2019,12/2019,EASYNVEST - TÍTULO CORRETORA DE VALORES SA,HGLG11,Real,"R$ 6,24",Rendimentos,,BBAS3,"R$ 0,50","0,002%",,4/2022,"R$ 331,75",#VALUE!,#VALUE!,#VALUE!,,,,
13/12/2019,12/2019,EASYNVEST - TÍTULO CORRETORA DE VALORES SA,KNRI11,Real,"R$ 2,22",Rendimentos,,CCR03,"R$ 1,61","0,007%",,5/2022,"R$ 291,59",#VALUE!,#VALUE!,#VALUE!,,,,
24/12/2019,12/2019,AVENUE SECURITIES LLC,IVV,Dolar,"$0,15",Dividendo,,JBSS3,"R$ 19,14","0,083%",,6/2022,"R$ 469,35",#VALUE!,#VALUE!,#VALUE!,,,,
30/07/2019,7/2019,INTERMEDIUM DISTRIBUIDORA DE TITULOS E VALORES MOBILIARIOS LTDA.,ABEV3,Real,"R$ 7,09",Juros sobre capital próprio,,CSNA3,"R$ 12,82","0,056%",,7/2022,"R$ 439,72",#VALUE!,#VALUE!,#VALUE!,,,,
02/01/2020,1/2020,INTERMEDIUM DISTRIBUIDORA DE TITULOS E VALORES MOBILIARIOS LTDA.,ITSA4,Real,"R$ 0,20",Dividendo,,VIVT4,"R$ 0,22","0,001%",,8/2022,"R$ 429,65",#VALUE!,#VALUE!,#VALUE!,,,,
13/01/2020,1/2020,INTERMEDIUM DISTRIBUIDORA DE TITULOS E VALORES MOBILIARIOS LTDA.,B3SA3,Real,"R$ 0,49",Dividendo,,CPLE11,"R$ 397,11","1,726%",,9/2022,"R$ 271,70",#VALUE!,#VALUE!,#VALUE!,,,,
13/01/2020,1/2020,INTERMEDIUM DISTRIBUIDORA DE TITULOS E VALORES MOBILIARIOS LTDA.,B3SA3,Real,"R$ 0,49",Juros sobre capital próprio,,BPAC11,"R$ 1,73","0,008%",,10/2022,"R$ 328,38",#VALUE!,#VALUE!,#VALUE!,,,,
15/01/2020,1/2020,EASYNVEST - TÍTULO CORRETORA DE VALORES SA,BCFF11,Real,"R$ 6,84",Rendimentos,,TRPL4,"R$ 83,08","0,361%",,11/2022,"R$ 379,72",#VALUE!,#VALUE!,#VALUE!,,,,
15/01/2020,1/2020,EASYNVEST - TÍTULO CORRETORA DE VALORES SA,HGLG11,Real,"R$ 7,02",Rendimentos,,SUZB3,"R$ 59,44","0,258%",,12/2022,"R$ 526,68",#VALUE!,#VALUE!,#VALUE!,,,,
15/01/2020,1/2020,EASYNVEST - TÍTULO CORRETORA DE VALORES SA,KNRI11,Real,"R$ 3,70",Rendimentos,,LREN3,"R$ 0,50","0,002%",,1/2023,"R$ 373,47",#VALUE!,#VALUE!,#VALUE!,,,,
17/01/2020,1/2020,INTERMEDIUM DISTRIBUIDORA DE TITULOS E VALORES MOBILIARIOS LTDA.,FLRY3,Real,"R$ 0,57",Juros sobre capital próprio,,VIVT3,"R$ 676,43","2,940%",,2/2023,"R$ 381,28",#VALUE!,#VALUE!,#VALUE!,,,,
14/02/2020,2/2020,EASYNVEST - TÍTULO CORRETORA DE VALORES SA,BCFF11,Real,"R$ 7,98",Rendimentos,,TRPL3,"R$ 127,40","0,554%",,3/2023,"R$ 351,10",#VALUE!,#VALUE!,#VALUE!,,,,
14/02/2020,2/2020,EASYNVEST - TÍTULO CORRETORA DE VALORES SA,HGLG11,Real,"R$ 7,02",Rendimentos,,ITSA3,"R$ 288,98","1,256%",,4/2023,"R$ 381,17",#VALUE!,#VALUE!,#VALUE!,,,,
14/02/2020,2/2020,EASYNVEST - TÍTULO CORRETORA DE VALORES SA,KNRI11,Real,"R$ 4,44",Rendimentos,,GGBR3,"R$ 107,80","0,469%",,5/2023,"R$ 667,75",#VALUE!,#VALUE!,#VALUE!,,,,
17/02/2020,2/2020,EASYNVEST - TÍTULO CORRETORA DE VALORES SA,IPCA+ Juros,Real,"R$ 54,68",Pgto. Juros,,SAPR3,"R$ 113,90","0,495%",,6/2023,"R$ 510,38",#VALUE!,#VALUE!,#VALUE!,,,,
17/02/2020,2/2020,INTERMEDIUM DISTRIBUIDORA DE TITULOS E VALORES MOBILIARIOS LTDA.,IPCA+ Juros,Real,"R$ 0,74",Pgto. Juros,,CPLE3,"R$ 45,32","0,197%",,7/2023,"R$ 444,19",#VALUE!,#VALUE!,#VALUE!,,,,
20/02/2020,2/2020,INTERMEDIUM DISTRIBUIDORA DE TITULOS E VALORES MOBILIARIOS LTDA.,KLBN11,Real,"R$ 0,04",Dividendo,,Desconhecido,"R$ 9,49","0,041%",,8/2023,"R$ 519,85",#VALUE!,#VALUE!,#VALUE!,,,,
06/03/2020,3/2020,INTERMEDIUM DISTRIBUIDORA DE TITULOS E VALORES MOBILIARIOS LTDA.,ITSA4,Real,"R$ 4,97",Dividendo,,BTHF11,"R$ 408,15","1,774%",,9/2023,"R$ 328,62",#VALUE!,#VALUE!,#VALUE!,,,,
06/03/2020,3/2020,INTERMEDIUM DISTRIBUIDORA DE TITULOS E VALORES MOBILIARIOS LTDA.,ITSA4,Real,"R$ 0,12",Juros sobre capital próprio,,GGBR3 ,"R$ 13,10","0,057%",,10/2023,"R$ 401,16",#VALUE!,#VALUE!,#VALUE!,,,,
06/03/2020,3/2020,INTERMEDIUM DISTRIBUIDORA DE TITULOS E VALORES MOBILIARIOS LTDA.,ITSA4,Real,"R$ 4,07",Juros sobre capital próprio,,BTH,"R$ 140,20","0,609%",,11/2023,"R$ 364,21",#VALUE!,#VALUE!,#VALUE!,,,,
13/03/2020,3/2020,EASYNVEST - TÍTULO CORRETORA DE VALORES SA,BCFF11,Real,"R$ 8,09",Rendimentos,,,,,,12/2023,"R$ 599,21",#VALUE!,#VALUE!,#VALUE!,,,,
13/03/2020,3/2020,EASYNVEST - TÍTULO CORRETORA DE VALORES SA,HGLG11,Real,"R$ 7,02",Rendimentos,,,,,,1/2024,"R$ 358,66",#VALUE!,#VALUE!,#VALUE!,,,,
13/03/2020,3/2020,EASYNVEST - TÍTULO CORRETORA DE VALORES SA,KNRI11,Real,"R$ 4,44",Rendimentos,,,,,,2/2024,"R$ 425,05",#VALUE!,#VALUE!,#VALUE!,,,,
01/04/2020,4/2020,AVENUE SECURITIES LLC,IVV,Dolar,"$0,38",Dividendo,,,,,,3/2024,"R$ 503,59",#VALUE!,#VALUE!,#VALUE!,,,,
01/04/2020,4/2020,INTERMEDIUM DISTRIBUIDORA DE TITULOS E VALORES MOBILIARIOS LTDA.,ITSA4,Real,"R$ 0,60",Dividendo,,,,,,4/2024,"R$ 568,57",#VALUE!,#VALUE!,#VALUE!,,,,
07/04/2020,4/2020,INTERMEDIUM DISTRIBUIDORA DE TITULOS E VALORES MOBILIARIOS LTDA.,B3SA3,Real,"R$ 0,50",Dividendo,,,,,,5/2024,"R$ 423,61",#VALUE!,#VALUE!,#VALUE!,,,,
07/04/2020,4/2020,INTERMEDIUM DISTRIBUIDORA DE TITULOS E VALORES MOBILIARIOS LTDA.,B3SA3,Real,"R$ 0,37",Juros sobre capital próprio,,,,,,6/2024,"R$ 534,41",#VALUE!,#VALUE!,#VALUE!,,,,
15/04/2020,4/2020,EASYNVEST - TÍTULO CORRETORA DE VALORES SA,BCFF11,Real,"R$ 27,20",Rendimentos,,,,,,7/2024,"R$ 418,22",#VALUE!,#VALUE!,#VALUE!,,,,
15/04/2020,4/2020,EASYNVEST - TÍTULO CORRETORA DE VALORES SA,HGLG11,Real,"R$ 14,82",Rendimentos,,,,,,8/2024,"R$ 586,14",#VALUE!,#VALUE!,#VALUE!,,,,
15/04/2020,4/2020,EASYNVEST - TÍTULO CORRETORA DE VALORES SA,KNRI11,Real,"R$ 11,70",Rendimentos,,,,,,9/2024,"R$ 409,11",#VALUE!,#VALUE!,#VALUE!,,,,
15/04/2020,4/2020,EASYNVEST - TÍTULO CORRETORA DE VALORES SA,HFOF11,Real,"R$ 21,00",Rendimentos,,,,,,10/2024,"R$ 577,62",#VALUE!,#VALUE!,#VALUE!,,,,
23/04/2020,4/2020,EASYNVEST - TÍTULO CORRETORA DE VALORES SA,BOVA11,Real,"R$ 0,22",Aluguel de ações,,,,,,11/2024,"R$ 471,07",#VALUE!,#VALUE!,#VALUE!,,,,
29/04/2020,4/2020,EASYNVEST - TÍTULO CORRETORA DE VALORES SA,IVVB11,Real,"R$ 0,03",Aluguel de ações,,,,,,12/2024,"R$ 1.220,15",#VALUE!,#VALUE!,#VALUE!,,,,
30/04/2020,4/2020,INTERMEDIUM DISTRIBUIDORA DE TITULOS E VALORES MOBILIARIOS LTDA.,MDIA3,Real,"R$ 2,13",Juros sobre capital próprio,,,,,,1/2025,"R$ 145,55",#VALUE!,#VALUE!,#VALUE!,,,,
04/05/2020,5/2020,INTERMEDIUM DISTRIBUIDORA DE TITULOS E VALORES MOBILIARIOS LTDA.,ITUB4,Real,"R$ 0,01",Dividendo,,,,,,2/2025,"R$ 145,20",#VALUE!,#VALUE!,#VALUE!,,,,
07/05/2020,5/2020,INTERMEDIUM DISTRIBUIDORA DE TITULOS E VALORES MOBILIARIOS LTDA.,B3SA3,Real,"R$ 0,95",Dividendo,,,,,,3/2025,"R$ 321,56",#VALUE!,#VALUE!,#VALUE!,,,,
14/05/2020,5/2020,INTERMEDIUM DISTRIBUIDORA DE TITULOS E VALORES MOBILIARIOS LTDA.,SLCE3,Real,"R$ 0,78",Dividendo,,,,,,4/2025,"R$ 153,47",#VALUE!,#VALUE!,#VALUE!,,,,
15/05/2020,5/2020,EASYNVEST - TÍTULO CORRETORA DE VALORES SA,BCFF11,Real,"R$ 28,80",Rendimentos,,,,,,5/2025,"R$ 335,42",#VALUE!,#VALUE!,#VALUE!,,,,
15/05/2020,5/2020,EASYNVEST - TÍTULO CORRETORA DE VALORES SA,HGLG11,Real,"R$ 28,08",Rendimentos,,,,,,6/2025,,,,,,,,
15/05/2020,5/2020,EASYNVEST - TÍTULO CORRETORA DE VALORES SA,HFOF11,Real,"R$ 44,84",Rendimentos,,,,,,7/2025,,,,,,,,
15/05/2020,5/2020,EASYNVEST - TÍTULO CORRETORA DE VALORES SA,KNRI11,Real,"R$ 24,05",Rendimentos,,,,,,8/2025,,,,,,,,
20/05/2020,5/2020,INTERMEDIUM DISTRIBUIDORA DE TITULOS E VALORES MOBILIARIOS LTDA.,GRND3,Real,"R$ 3,84",Juros sobre capital próprio,,,,,,9/2025,,,,,,,,
20/05/2020,5/2020,INTERMEDIUM DISTRIBUIDORA DE TITULOS E VALORES MOBILIARIOS LTDA.,GRND3,Real,"R$ 0,80",Dividendo,,,,,,10/2025,,,,,,,,
25/05/2020,5/2020,INTERMEDIUM DISTRIBUIDORA DE TITULOS E VALORES MOBILIARIOS LTDA.,WIZC3,Real,"R$ 3,67",Dividendo,,,,,,11/2025,,,,,,,,
29/05/2020,5/2020,INTERMEDIUM DISTRIBUIDORA DE TITULOS E VALORES MOBILIARIOS LTDA.,RADL3,Real,"R$ 0,06",Dividendo,,,,,,12/2025,,,,,,,,
01/06/2020,6/2020,INTERMEDIUM DISTRIBUIDORA DE TITULOS E VALORES MOBILIARIOS LTDA.,ITUB4,Real,"R$ 0,03",Dividendo,,,,,,,,,,,,,,
10/06/2020,6/2020,"PASSFOLIO SECURITIES, LLC",JNJ,Dolar,"$0,02",Dividendo,,,,,,,,,,,,,,
12/06/2020,6/2020,EASYNVEST - TÍTULO CORRETORA DE VALORES SA,HGLG11,Real,"R$ 30,42",Rendimentos,,,,,,,,,,,,,,
15/06/2020,6/2020,EASYNVEST - TÍTULO CORRETORA DE VALORES SA,BCFF11,Real,"R$ 31,20",Rendimentos,,,,,,,,,,,,,,
15/06/2020,6/2020,EASYNVEST - TÍTULO CORRETORA DE VALORES SA,KNRI11,Real,"R$ 26,65",Rendimentos,,,,,,,,,,,,,,
15/06/2020,6/2020,EASYNVEST - TÍTULO CORRETORA DE VALORES SA,HFOF11,Real,"R$ 60,30",Rendimentos,,,,,,,,,,,,,,
15/06/2020,6/2020,INTERMEDIUM DISTRIBUIDORA DE TITULOS E VALORES MOBILIARIOS LTDA.,CSAN3,Real,"R$ 1,49",Dividendo,,,,,,,,,,,,,,
22/06/2020,6/2020,INTERMEDIUM DISTRIBUIDORA DE TITULOS E VALORES MOBILIARIOS LTDA.,SAPR11,Real,"R$ 6,68",Juros sobre capital próprio,,,,,,,,,,,,,,
22/06/2020,6/2020,"PASSFOLIO SECURITIES, LLC",IVV,Dolar,"$0,47",Dividendo,,,,,,,,,,,,,,
29/06/2020,6/2020,INTERMEDIUM DISTRIBUIDORA DE TITULOS E VALORES MOBILIARIOS LTDA.,CPLE6,Real,"R$ 11,53",Juros sobre capital próprio,,,,,,,,,,,,,,
01/07/2020,7/2020,INTERMEDIUM DISTRIBUIDORA DE TITULOS E VALORES MOBILIARIOS LTDA.,ITSA4,Real,"R$ 2,00",Dividendo,,,,,,,,,,,,,,
01/07/2020,7/2020,INTERMEDIUM DISTRIBUIDORA DE TITULOS E VALORES MOBILIARIOS LTDA.,ITUB4,Real,"R$ 0,03",Dividendo,,,,,,,,,,,,,,
01/07/2020,7/2020,"PASSFOLIO SECURITIES, LLC",VNQ,Dolar,"$0,22",Dividendo,,,,,,,,,,,,,,
02/07/2020,7/2020,"PASSFOLIO SECURITIES, LLC",NOBL,Dolar,"$0,70",Dividendo,,,,,,,,,,,,,,
10/07/2020,7/2020,EASYNVEST - TÍTULO CORRETORA DE VALORES SA,BOVA11,Real,"R$ 1,17",Aluguel de ações,,,,,,,,,,,,,,
14/07/2020,7/2020,EASYNVEST - TÍTULO CORRETORA DE VALORES SA,HGLG11,Real,"R$ 30,42",Rendimentos,,,,,,,,,,,,,,
14/07/2020,7/2020,EASYNVEST - TÍTULO CORRETORA DE VALORES SA,BCFF11,Real,"R$ 31,60",Rendimentos,,,,,,,,,,,,,,
14/07/2020,7/2020,EASYNVEST - TÍTULO CORRETORA DE VALORES SA,KNRI11,Real,"R$ 26,65",Rendimentos,,,,,,,,,,,,,,
14/07/2020,7/2020,EASYNVEST - TÍTULO CORRETORA DE VALORES SA,HFOF11,Real,"R$ 72,36",Rendimentos,,,,,,,,,,,,,,
07/08/2020,8/2020,INTERMEDIUM DISTRIBUIDORA DE TITULOS E VALORES MOBILIARIOS LTDA.,B3SA3,Real,"R$ 1,50",Juros sobre capital próprio,,,,,,,,,,,,,,
12/08/2020,8/2020,INTERMEDIUM DISTRIBUIDORA DE TITULOS E VALORES MOBILIARIOS LTDA.,WEGE3,Real,"R$ 0,52",Juros sobre capital próprio,,,,,,,,,,,,,,
12/08/2020,8/2020,INTERMEDIUM DISTRIBUIDORA DE TITULOS E VALORES MOBILIARIOS LTDA.,WEGE3,Real,"R$ 2,02",Dividendo,,,,,,,,,,,,,,
12/08/2020,8/2020,INTERMEDIUM DISTRIBUIDORA DE TITULOS E VALORES MOBILIARIOS LTDA.,WEGE3,Real,"R$ 0,21",Juros sobre capital próprio,,,,,,,,,,,,,,
14/08/2020,8/2020,EASYNVEST - TÍTULO CORRETORA DE VALORES SA,HFOF11,Real,"R$ 34,22",Rendimentos,,,,,,,,,,,,,,
14/08/2020,8/2020,EASYNVEST - TÍTULO CORRETORA DE VALORES SA,BCFF11,Real,"R$ 35,55",Rendimentos,,,,,,,,,,,,,,
14/08/2020,8/2020,EASYNVEST - TÍTULO CORRETORA DE VALORES SA,KNRI11,Real,"R$ 26,65",Rendimentos,,,,,,,,,,,,,,
14/08/2020,8/2020,EASYNVEST - TÍTULO CORRETORA DE VALORES SA,HGLG11,Real,"R$ 30,42",Rendimentos,,,,,,,,,,,,,,
17/08/2020,8/2020,EASYNVEST - TÍTULO CORRETORA DE VALORES SA,IPCA+ Juros,Real,"R$ 52,26",Pgto. Juros,,,,,,,,,,,,,,
19/08/2020,8/2020,INTERMEDIUM DISTRIBUIDORA DE TITULOS E VALORES MOBILIARIOS LTDA.,MGLU3,Real,"R$ 0,09",Dividendo,,,,,,,,,,,,,,
21/08/2020,8/2020,EASYNVEST - TÍTULO CORRETORA DE VALORES SA,SMAL11,Real,"R$ 0,20",Aluguel de ações,,,,,,,,,,,,,,
26/08/2020,8/2020,INTERMEDIUM DISTRIBUIDORA DE TITULOS E VALORES MOBILIARIOS LTDA.,ITSA4,Real,"R$ 2,00",Dividendo,,,,,,,,,,,,,,
28/08/2020,8/2020,INTERMEDIUM DISTRIBUIDORA DE TITULOS E VALORES MOBILIARIOS LTDA.,PSSA3,Real,"R$ 0,98",Dividendo,,,,,,,,,,,,,,
09/09/2020,9/2020,"PASSFOLIO SECURITIES, LLC",JNJ,Dolar,"R$ 0,02",Dividendo,,,,,,,,,,,,,,
15/09/2020,9/2020,EASYNVEST - TÍTULO CORRETORA DE VALORES SA,BOVA11,Real,"R$ 0,73",Aluguel de ações,,,,,,,,,,,,,,
15/09/2020,9/2020,EASYNVEST - TÍTULO CORRETORA DE VALORES SA,BCFF11,Real,"R$ 35,55",Rendimentos,,,,,,,,,,,,,,
15/09/2020,9/2020,EASYNVEST - TÍTULO CORRETORA DE VALORES SA,HFOF11,Real,"R$ 36,50",Rendimentos,,,,,,,,,,,,,,
15/09/2020,9/2020,EASYNVEST - TÍTULO CORRETORA DE VALORES SA,HGLG11,Real,"R$ 33,82",Rendimentos,,,,,,,,,,,,,,
15/09/2020,9/2020,EASYNVEST - TÍTULO CORRETORA DE VALORES SA,KNRI11,Real,"R$ 26,65",Rendimentos,,,,,,,,,,,,,,
30/09/2020,9/2020,"PASSFOLIO SECURITIES, LLC",IVV,Dolar,"$1,57",Dividendo,,,,,,,,,,,,,,
30/09/2020,9/2020,INTERMEDIUM DISTRIBUIDORA DE TITULOS E VALORES MOBILIARIOS LTDA.,CPLE6,Real,"R$ 11,53",Juros sobre capital próprio,,,,,,,,,,,,,,
30/09/2020,9/2020,INTERMEDIUM DISTRIBUIDORA DE TITULOS E VALORES MOBILIARIOS LTDA.,VALE3,Real,"R$ 1,70",Juros sobre capital próprio,,,,,,,,,,,,,,
30/09/2020,9/2020,INTERMEDIUM DISTRIBUIDORA DE TITULOS E VALORES MOBILIARIOS LTDA.,VALE3,Real,"R$ 2,82",Dividendo,,,,,,,,,,,,,,
01/10/2020,10/2020,"PASSFOLIO SECURITIES, LLC",NOBL,Dolar,"$2,00",Dividendo,,,,,,,,,,,,,,
01/10/2020,10/2020,"PASSFOLIO SECURITIES, LLC",VNQ,Dolar,"$2,51",Dividendo,,,,,,,,,,,,,,
01/10/2020,10/2020,INTERMEDIUM DISTRIBUIDORA DE TITULOS E VALORES MOBILIARIOS LTDA.,ITSA4,Real,"R$ 2,00",Dividendo,,,,,,,,,,,,,,
01/10/2020,10/2020,INTERMEDIUM DISTRIBUIDORA DE TITULOS E VALORES MOBILIARIOS LTDA.,BBDC4,Real,"R$ 0,06",Juros sobre capital próprio,,,,,,,,,,,,,,
02/10/2020,10/2020,INTERMEDIUM DISTRIBUIDORA DE TITULOS E VALORES MOBILIARIOS LTDA.,EZTC3,Real,"R$ 3,52",Dividendo,,,,,,,,,,,,,,
07/10/2020,10/2020,INTERMEDIUM DISTRIBUIDORA DE TITULOS E VALORES MOBILIARIOS LTDA.,B3SA3,Real,"R$ 9,08",Dividendo,,,,,,,,,,,,,,
07/10/2020,10/2020,INTERMEDIUM DISTRIBUIDORA DE TITULOS E VALORES MOBILIARIOS LTDA.,B3SA3,Real,"R$ 1,76",Juros sobre capital próprio,,,,,,,,,,,,,,
15/10/2020,10/2020,EASYNVEST - TÍTULO CORRETORA DE VALORES SA,BCFF11,Real,"R$ 35,55",Rendimentos,,,,,,,,,,,,,,
15/10/2020,10/2020,EASYNVEST - TÍTULO CORRETORA DE VALORES SA,HFOF11,Real,"R$ 36,50",Rendimentos,,,,,,,,,,,,,,
15/10/2020,10/2020,EASYNVEST - TÍTULO CORRETORA DE VALORES SA,HGLG11,Real,"R$ 33,60",Rendimentos,,,,,,,,,,,,,,
15/10/2020,10/2020,EASYNVEST - TÍTULO CORRETORA DE VALORES SA,KNRI11,Real,"R$ 26,65",Rendimentos,,,,,,,,,,,,,,
28/10/2020,10/2020,EASYNVEST - TÍTULO CORRETORA DE VALORES SA,BOVA11,Real,"R$ 0,04",Aluguel de ações,,,,,,,,,,,,,,
16/11/2020,11/2020,EASYNVEST - TÍTULO CORRETORA DE VALORES SA,BCFF11,Real,"R$ 39,50",Rendimentos,,,,,,,,,,,,,,
16/11/2020,11/2020,EASYNVEST - TÍTULO CORRETORA DE VALORES SA,HFOF11,Real,"R$ 40,15",Rendimentos,,,,,,,,,,,,,,
16/11/2020,11/2020,EASYNVEST - TÍTULO CORRETORA DE VALORES SA,HGLG11,Real,"R$ 43,68",Rendimentos,,,,,,,,,,,,,,
16/11/2020,11/2020,EASYNVEST - TÍTULO CORRETORA DE VALORES SA,KNRI11,Real,"R$ 26,65",Rendimentos,,,,,,,,,,,,,,
18/11/2020,11/2020,INTERMEDIUM DISTRIBUIDORA DE TITULOS E VALORES MOBILIARIOS LTDA.,GRND3,Real,"R$ 1,05",Dividendo,,,,,,,,,,,,,,
18/11/2020,11/2020,INTERMEDIUM DISTRIBUIDORA DE TITULOS E VALORES MOBILIARIOS LTDA.,GGBR4,Real,"R$ 0,60",Dividendo,,,,,,,,,,,,,,
25/11/2020,11/2020,INTERMEDIUM DISTRIBUIDORA DE TITULOS E VALORES MOBILIARIOS LTDA.,WIZC3,Real,"R$ 3,67",Dividendo,,,,,,,,,,,,,,
03/12/2020,12/2020,INTERMEDIUM DISTRIBUIDORA DE TITULOS E VALORES MOBILIARIOS LTDA.,RADL3,Real,"R$ 0,12",Juros sobre capital próprio,,,,,,,,,,,,,,
09/12/2020,12/2020,"PASSFOLIO SECURITIES, LLC",JNJ,Dolar,"R$ 0,02",Dividendo,,,,,,,,,,,,,,
14/12/2020,12/2020,EASYNVEST - TÍTULO CORRETORA DE VALORES SA,BCFF11,Real,"R$ 41,87",Rendimentos,,,,,,,,,,,,,,
14/12/2020,12/2020,EASYNVEST - TÍTULO CORRETORA DE VALORES SA,HFOF11,Real,"R$ 40,15",Rendimentos,,,,,,,,,,,,,,
14/12/2020,12/2020,EASYNVEST - TÍTULO CORRETORA DE VALORES SA,HGLG11,Real,"R$ 43,68",Rendimentos,,,,,,,,,,,,,,
14/12/2020,12/2020,EASYNVEST - TÍTULO CORRETORA DE VALORES SA,KNRI11,Real,"R$ 26,55",Rendimentos,,,,,,,,,,,,,,
15/12/2020,12/2020,INTERMEDIUM DISTRIBUIDORA DE TITULOS E VALORES MOBILIARIOS LTDA.,FLRY3,Real,"R$ 3,74",Dividendo,,,,,,,,,,,,,,
15/12/2020,12/2020,INTERMEDIUM DISTRIBUIDORA DE TITULOS E VALORES MOBILIARIOS LTDA.,PETR4,Real,"R$ 0,00",Dividendo,,,,,,,,,,,,,,
17/12/2020,12/2020,INTERMEDIUM DISTRIBUIDORA DE TITULOS E VALORES MOBILIARIOS LTDA.,CYRE3,Real,"R$ 0,77",Dividendo,,,,,,,,,,,,,,
21/12/2020,12/2020,"PASSFOLIO SECURITIES, LLC",IVV,Dolar,"R$ 2,56",Dividendo,,,,,,,,,,,,,,
29/12/2020,12/2020,INTERMEDIUM DISTRIBUIDORA DE TITULOS E VALORES MOBILIARIOS LTDA.,CYRE3,Real,"R$ 9,36",Dividendo,,,,,,,,,,,,,,
29/12/2020,12/2020,"PASSFOLIO SECURITIES, LLC",ESPO,Dolar,"R$ 0,82",Dividendo,,,,,,,,,,,,,,
30/12/2020,12/2020,INTERMEDIUM DISTRIBUIDORA DE TITULOS E VALORES MOBILIARIOS LTDA.,BBAS3,Real,"R$ 0,50",Juros sobre capital próprio,,,,,,,,,,,,,,
30/12/2020,12/2020,INTERMEDIUM DISTRIBUIDORA DE TITULOS E VALORES MOBILIARIOS LTDA.,ABEV3,Real,"R$ 18,64",Juros sobre capital próprio,,,,,,,,,,,,,,
31/12/2020,12/2020,"PASSFOLIO SECURITIES, LLC",VNQ,Dolar,"R$ 10,44",Dividendo,,,,,,,,,,,,,,
04/01/2021,1/2021,"PASSFOLIO SECURITIES, LLC",NOBL,Dolar,"R$ 4,51",Dividendo,,,,,,,,,,,,,,
04/01/2021,1/2021,INTERMEDIUM DISTRIBUIDORA DE TITULOS E VALORES MOBILIARIOS LTDA.,ITSA4,Real,"R$ 2,00",Dividendo,,,,,,,,,,,,,,
04/01/2021,1/2021,INTERMEDIUM DISTRIBUIDORA DE TITULOS E VALORES MOBILIARIOS LTDA.,BBDC4,Real,"R$ 0,10",Juros sobre capital próprio,,,,,,,,,,,,,,
07/01/2021,1/2021,INTERMEDIUM DISTRIBUIDORA DE TITULOS E VALORES MOBILIARIOS LTDA.,BBDC4,Real,"R$ 2,12",Juros sobre capital próprio,,,,,,,,,,,,,,
08/01/2021,1/2021,INTERMEDIUM DISTRIBUIDORA DE TITULOS E VALORES MOBILIARIOS LTDA.,B3SA3,Real,"R$ 6,56",Dividendo,,,,,,,,,,,,,,
08/01/2021,1/2021,INTERMEDIUM DISTRIBUIDORA DE TITULOS E VALORES MOBILIARIOS LTDA.,B3SA3,Real,"R$ 2,00",Juros sobre capital próprio,,,,,,,,,,,,,,
15/01/2021,1/2021,EASYNVEST - TÍTULO CORRETORA DE VALORES SA,BCFF11,Real,"R$ 41,87",Rendimentos,,,,,,,,,,,,,,
15/01/2021,1/2021,EASYNVEST - TÍTULO CORRETORA DE VALORES SA,HFOF11,Real,"R$ 54,75",Rendimentos,,,,,,,,,,,,,,
15/01/2021,1/2021,EASYNVEST - TÍTULO CORRETORA DE VALORES SA,HGLG11,Real,"R$ 147,28",Rendimentos,,,,,,,,,,,,,,
15/01/2021,1/2021,EASYNVEST - TÍTULO CORRETORA DE VALORES SA,KNRI11,Real,"R$ 26,65",Rendimentos,,,,,,,,,,,,,,
01/02/2021,2/2021,INTERMEDIUM DISTRIBUIDORA DE TITULOS E VALORES MOBILIARIOS LTDA.,BBDC4,Real,"R$ 0,13",Juros sobre capital próprio,,,,,,,,,,,,,,
12/02/2021,2/2021,EASYNVEST - TÍTULO CORRETORA DE VALORES SA,BCFF11,Real,"R$ 44,24",Rendimentos,,,,,,,,,,,,,,
12/02/2021,2/2021,EASYNVEST - TÍTULO CORRETORA DE VALORES SA,HFOF11,Real,"R$ 40,15",Rendimentos,,,,,,,,,,,,,,
12/02/2021,2/2021,EASYNVEST - TÍTULO CORRETORA DE VALORES SA,HGLG11,Real,"R$ 43,68",Rendimentos,,,,,,,,,,,,,,
12/02/2021,2/2021,EASYNVEST - TÍTULO CORRETORA DE VALORES SA,KNRI11,Real,"R$ 28,29",Rendimentos,,,,,,,,,,,,,,
17/02/2021,2/2021,EASYNVEST - TÍTULO CORRETORA DE VALORES SA,IPCA+ Juros,Real,"R$ 55,57",Pgto. Juros,,,,,,,,,,,,,,
01/03/2021,3/2021,INTERMEDIUM DISTRIBUIDORA DE TITULOS E VALORES MOBILIARIOS LTDA.,BBDC4,Real,"R$ 0,13",Juros sobre capital próprio,,,,,,,,,,,,,,
05/03/2021,3/2021,INTERMEDIUM DISTRIBUIDORA DE TITULOS E VALORES MOBILIARIOS LTDA.,FLRY3,Real,"R$ 5,39",Juros sobre capital próprio,,,,,,,,,,,,,,
08/03/2021,3/2021,INTERMEDIUM DISTRIBUIDORA DE TITULOS E VALORES MOBILIARIOS LTDA.,BBDC4,Real,"R$ 0,15",Juros sobre capital próprio,,,,,,,,,,,,,,
10/03/2021,3/2021,"PASSFOLIO SECURITIES, LLC",JNJ,Dolar,"R$ 0,02",Dividendo,,,,,,,,,,,,,,
10/03/2021,3/2021,INTERMEDIUM DISTRIBUIDORA DE TITULOS E VALORES MOBILIARIOS LTDA.,WEGE3,Real,"R$ 5,24",Dividendo,,,,,,,,,,,,,,
10/03/2021,3/2021,INTERMEDIUM DISTRIBUIDORA DE TITULOS E VALORES MOBILIARIOS LTDA.,WEGE3,Real,"R$ 0,47",Juros sobre capital próprio,,,,,,,,,,,,,,
10/03/2021,3/2021,INTERMEDIUM DISTRIBUIDORA DE TITULOS E VALORES MOBILIARIOS LTDA.,WEGE3,Real,"R$ 0,53",Juros sobre capital próprio,,,,,,,,,,,,,,
12/03/2021,3/2021,EASYNVEST - TÍTULO CORRETORA DE VALORES SA,BCFF11,Real,"R$ 44,24",Rendimentos,,,,,,,,,,,,,,
12/03/2021,3/2021,EASYNVEST - TÍTULO CORRETORA DE VALORES SA,HFOF11,Real,"R$ 40,15",Rendimentos,,,,,,,,,,,,,,
12/03/2021,3/2021,EASYNVEST - TÍTULO CORRETORA DE VALORES SA,HGLG11,Real,"R$ 43,68",Rendimentos,,,,,,,,,,,,,,
12/03/2021,3/2021,EASYNVEST - TÍTULO CORRETORA DE VALORES SA,KNRI11,Real,"R$ 28,29",Rendimentos,,,,,,,,,,,,,,
12/03/2021,3/2021,INTERMEDIUM DISTRIBUIDORA DE TITULOS E VALORES MOBILIARIOS LTDA.,ITSA4,Real,"R$ 8,64",Juros sobre capital próprio,,,,,,,,,,,,,,
12/03/2021,3/2021,INTERMEDIUM DISTRIBUIDORA DE TITULOS E VALORES MOBILIARIOS LTDA.,ITSA4,Real,"R$ 1,77",Juros sobre capital próprio,,,,,,,,,,,,,,
15/03/2021,3/2021,INTERMEDIUM DISTRIBUIDORA DE TITULOS E VALORES MOBILIARIOS LTDA.,VALE3,Real,"R$ 10,27",Dividendo,,,,,,,,,,,,,,
15/03/2021,3/2021,INTERMEDIUM DISTRIBUIDORA DE TITULOS E VALORES MOBILIARIOS LTDA.,VALE3,Real,"R$ 2,13",Juros sobre capital próprio,,,,,,,,,,,,,,
18/03/2021,3/2021,EASYNVEST - TÍTULO CORRETORA DE VALORES SA,BOVA11,Real,"R$ 0,16",Aluguel de ações,,,,,,,,,,,,,,
25/03/2021,3/2021,INTERMEDIUM DISTRIBUIDORA DE TITULOS E VALORES MOBILIARIOS LTDA.,GGBR4,Real,"R$ 1,02",Juros sobre capital próprio,,,,,,,,,,,,,,
31/03/2021,3/2021,"PASSFOLIO SECURITIES, LLC",NOBL,Dolar,"R$ 3,74",Dividendo,,,,,,,,,,,,,,
31/03/2021,3/2021,"PASSFOLIO SECURITIES, LLC",VNQ,Dolar,"R$ 4,59",Dividendo,,,,,,,,,,,,,,
01/04/2021,4/2021,INTERMEDIUM DISTRIBUIDORA DE TITULOS E VALORES MOBILIARIOS LTDA.,BBDC4,Real,"R$ 0,15",Juros sobre capital próprio,,,,,,,,,,,,,,
01/04/2021,4/2021,INTERMEDIUM DISTRIBUIDORA DE TITULOS E VALORES MOBILIARIOS LTDA.,FLRY3,Real,"R$ 19,28",Dividendo,,,,,,,,,,,,,,
01/04/2021,4/2021,INTERMEDIUM DISTRIBUIDORA DE TITULOS E VALORES MOBILIARIOS LTDA.,ITSA4,Real,"R$ 2,10",Dividendo,,,,,,,,,,,,,,
01/04/2021,4/2021,"PASSFOLIO SECURITIES, LLC",IVV,Dolar,"R$ 2,53",Dividendo,,,,,,,,,,,,,,
08/04/2021,4/2021,INTERMEDIUM DISTRIBUIDORA DE TITULOS E VALORES MOBILIARIOS LTDA.,B3SA3,Real,"R$ 1,94",Juros sobre capital próprio,,,,,,,,,,,,,,
08/04/2021,4/2021,INTERMEDIUM DISTRIBUIDORA DE TITULOS E VALORES MOBILIARIOS LTDA.,B3SA3,Real,"R$ 7,86",Dividendo,,,,,,,,,,,,,,
15/04/2021,4/2021,EASYNVEST - TÍTULO CORRETORA DE VALORES SA,BCFF11,Real,"R$ 44,24",Rendimentos,,,,,,,,,,,,,,
15/04/2021,4/2021,EASYNVEST - TÍTULO CORRETORA DE VALORES SA,HFOF11,Real,"R$ 40,88",Rendimentos,,,,,,,,,,,,,,
15/04/2021,4/2021,EASYNVEST - TÍTULO CORRETORA DE VALORES SA,HGLG11,Real,"R$ 43,68",Rendimentos,,,,,,,,,,,,,,
15/04/2021,4/2021,EASYNVEST - TÍTULO CORRETORA DE VALORES SA,KNRI11,Real,"R$ 28,29",Rendimentos,,,,,,,,,,,,,,
22/04/2021,4/2021,INTERMEDIUM DISTRIBUIDORA DE TITULOS E VALORES MOBILIARIOS LTDA.,MDIA3,Real,"R$ 1,15",Juros sobre capital próprio,,,,,,,,,,,,,,
30/04/2021,4/2021,INTERMEDIUM DISTRIBUIDORA DE TITULOS E VALORES MOBILIARIOS LTDA.,CCR03,Real,"R$ 1,61",Dividendo,,,,,,,,,,,,,,
30/04/2021,4/2021,INTERMEDIUM DISTRIBUIDORA DE TITULOS E VALORES MOBILIARIOS LTDA.,CPLE6,Real,"R$ 82,06",Dividendo,,,,,,,,,,,,,,
03/05/2021,5/2021,INTERMEDIUM DISTRIBUIDORA DE TITULOS E VALORES MOBILIARIOS LTDA.,BBDC4,Real,"R$ 0,12",Juros sobre capital próprio,,,,,,,,,,,,,,
03/05/2021,5/2021,INTERMEDIUM DISTRIBUIDORA DE TITULOS E VALORES MOBILIARIOS LTDA.,MDIA3,Real,"R$ 6,61",Juros sobre capital próprio,,,,,,,,,,,,,,
05/05/2021,5/2021,EASYNVEST - TÍTULO CORRETORA DE VALORES SA,JBSS3,Real,"R$ 8,13",Dividendo,,,,,,,,,,,,,,
11/05/2021,5/2021,INTERMEDIUM DISTRIBUIDORA DE TITULOS E VALORES MOBILIARIOS LTDA.,B3SA3,Real,"R$ 11,71",Dividendo,,,,,,,,,,,,,,
12/05/2021,5/2021,EASYNVEST - TÍTULO CORRETORA DE VALORES SA,GRND3,Real,"R$ 34,40",Dividendo,,,,,,,,,,,,,,
12/05/2021,5/2021,EASYNVEST - TÍTULO CORRETORA DE VALORES SA,GRND3,Real,"R$ 9,23",Juros sobre capital próprio,,,,,,,,,,,,,,
12/05/2021,5/2021,EASYNVEST - TÍTULO CORRETORA DE VALORES SA,CSNA3,Real,"R$ 5,22",Dividendo,,,,,,,,,,,,,,
14/05/2021,5/2021,EASYNVEST - TÍTULO CORRETORA DE VALORES SA,BCFF11,Real,"R$ 39,50",Rendimentos,,,,,,,,,,,,,,
14/05/2021,5/2021,EASYNVEST - TÍTULO CORRETORA DE VALORES SA,HFOF11,Real,"R$ 43,80",Rendimentos,,,,,,,,,,,,,,
14/05/2021,5/2021,EASYNVEST - TÍTULO CORRETORA DE VALORES SA,HGLG11,Real,"R$ 43,68",Rendimentos,,,,,,,,,,,,,,
14/05/2021,5/2021,EASYNVEST - TÍTULO CORRETORA DE VALORES SA,KNRI11,Real,"R$ 28,29",Rendimentos,,,,,,,,,,,,,,
08/05/2021,5/2021,EASYNVEST - TÍTULO CORRETORA DE VALORES SA,GRND3,Real,"R$ 8,08",Dividendo,,,,,,,,,,,,,,
21/05/2021,5/2021,EASYNVEST - TÍTULO CORRETORA DE VALORES SA,EZTC3,Real,"R$ 11,02",Dividendo,,,,,,,,,,,,,,
25/05/2021,5/2021,INTERMEDIUM DISTRIBUIDORA DE TITULOS E VALORES MOBILIARIOS LTDA.,WIZC3,Real,"R$ 7,39",Dividendo,,,,,,,,,,,,,,
01/06/2021,6/2021,EASYNVEST - TÍTULO CORRETORA DE VALORES SA,BBDC4,Real,"R$ 0,17",Juros sobre capital próprio,,,,,,,,,,,,,,
01/06/2021,6/2021,INTERMEDIUM DISTRIBUIDORA DE TITULOS E VALORES MOBILIARIOS LTDA.,BBDC4,Real,"R$ 0,01",Juros sobre capital próprio,,,,,,,,,,,,,,
09/06/2021,6/2021,"PASSFOLIO SECURITIES, LLC",JNJ,Dolar,"R$ 0,03",Dividendo,,,,,,,,,,,,,,
14/06/2021,6/2021,INTERMEDIUM DISTRIBUIDORA DE TITULOS E VALORES MOBILIARIOS LTDA.,CYRE3,Real,"R$ 9,78",Dividendo,,,,,,,,,,,,,,
15/06/2021,6/2021,EASYNVEST - TÍTULO CORRETORA DE VALORES SA,BCFF11,Real,"R$ 39,50",Rendimentos,,,,,,,,,,,,,,
15/06/2021,6/2021,EASYNVEST - TÍTULO CORRETORA DE VALORES SA,HFOF11,Real,"R$ 43,80",Rendimentos,,,,,,,,,,,,,,
15/06/2021,6/2021,EASYNVEST - TÍTULO CORRETORA DE VALORES SA,HGLG11,Real,"R$ 56,00",Rendimentos,,,,,,,,,,,,,,
15/06/2021,6/2021,EASYNVEST - TÍTULO CORRETORA DE VALORES SA,KNRI11,Real,"R$ 28,29",Rendimentos,,,,,,,,,,,,,,
17/06/2021,6/2021,"PASSFOLIO SECURITIES, LLC",IVV,Dolar,"R$ 2,68",Dividendo,,,,,,,,,,,,,,
18/06/2021,6/2021,INTERMEDIUM DISTRIBUIDORA DE TITULOS E VALORES MOBILIARIOS LTDA.,SAPR11,Real,"R$ 17,01",Juros sobre capital próprio,,,,,,,,,,,,,,
18/06/2021,6/2021,INTERMEDIUM DISTRIBUIDORA DE TITULOS E VALORES MOBILIARIOS LTDA.,SAPR11,Real,"R$ 12,87",Juros sobre capital próprio,,,,,,,,,,,,,,
21/06/2021,6/2021,INTERMEDIUM DISTRIBUIDORA DE TITULOS E VALORES MOBILIARIOS LTDA.,BBDC4,Real,"R$ 19,66",LEILÃO DE FRAÇÕES,,,,,,,,,,,,,,
30/06/2021,6/2021,"PASSFOLIO SECURITIES, LLC",VNQ,Dolar,"R$ 4,35",Dividendo,,,,,,,,,,,,,,
30/06/2021,6/2021,"PASSFOLIO SECURITIES, LLC",NOBL,Dolar,"R$ 6,88",Dividendo,,,,,,,,,,,,,,
30/06/2021,6/2021,EASYNVEST - TÍTULO CORRETORA DE VALORES SA,VALE3,Real,"R$ 2,88",Dividendo,,,,,,,,,,,,,,
30/06/2021,6/2021,EASYNVEST - TÍTULO CORRETORA DE VALORES SA,VALE3,Real,"R$ 5,87",Dividendo,,,,,,,,,,,,,,
30/06/2021,6/2021,EASYNVEST - TÍTULO CORRETORA DE VALORES SA,MDIA3,Real,"R$ 1,15",Juros sobre capital próprio,,,,,,,,,,,,,,
01/07/2021,7/2021,EASYNVEST - TÍTULO CORRETORA DE VALORES SA,ITSA4,Real,"R$ 3,08",Dividendo,,,,,,,,,,,,,,
07/07/2021,7/2021,EASYNVEST - TÍTULO CORRETORA DE VALORES SA,B3SA3,Real,"R$ 12,13",Dividendo,,,,,,,,,,,,,,
07/07/2021,7/2021,EASYNVEST - TÍTULO CORRETORA DE VALORES SA,B3SA3,Real,"R$ 2,82",Juros sobre capital próprio,,,,,,,,,,,,,,
13/07/2021,7/2021,INTERMEDIUM DISTRIBUIDORA DE TITULOS E VALORES MOBILIARIOS LTDA.,VIVT4,Real,"R$ 0,14",Juros sobre capital próprio,,,,,,,,,,,,,,
13/07/2021,7/2021,INTERMEDIUM DISTRIBUIDORA DE TITULOS E VALORES MOBILIARIOS LTDA.,VIVT4,Real,"R$ 0,08",Juros sobre capital próprio,,,,,,,,,,,,,,
14/07/2021,7/2021,EASYNVEST - TÍTULO CORRETORA DE VALORES SA,KNRI11,Real,"R$ 28,29",Rendimentos,,,,,,,,,,,,,,
15/07/2021,7/2021,EASYNVEST - TÍTULO CORRETORA DE VALORES SA,BCFF11,Real,"R$ 35,55",Rendimentos,,,,,,,,,,,,,,
15/07/2021,7/2021,EASYNVEST - TÍTULO CORRETORA DE VALORES SA,HFOF11,Real,"R$ 43,80",Rendimentos,,,,,,,,,,,,,,
15/07/2021,7/2021,EASYNVEST - TÍTULO CORRETORA DE VALORES SA,HGLG11,Real,"R$ 123,20",Rendimentos,,,,,,,,,,,,,,
02/08/2021,8/2021,EASYNVEST - TÍTULO CORRETORA DE VALORES SA,ITUB4,Real,"R$ 0,15",Dividendo,,,,,,,,,,,,,,
10/08/2021,8/2021,EASYNVEST - TÍTULO CORRETORA DE VALORES SA,CSNA3,Real,"R$ 7,60",Dividendo,,,,,,,,,,,,,,
11/08/2021,8/2021,EASYNVEST - TÍTULO CORRETORA DE VALORES SA,CPLE6,Real,"R$ 0,07",Dividendo,,,,,,,,,,,,,,
11/08/2021,8/2021,EASYNVEST - TÍTULO CORRETORA DE VALORES SA,CPLE11,Real,"R$ 13,27",Dividendo,,,,,,,,,,,,,,
11/08/2021,8/2021,EASYNVEST - TÍTULO CORRETORA DE VALORES SA,WEGE3,Real,"R$ 0,52",Juros sobre capital próprio,,,,,,,,,,,,,,
11/08/2021,8/2021,EASYNVEST - TÍTULO CORRETORA DE VALORES SA,WEGE3,Real,"R$ 4,74",Dividendo,,,,,,,,,,,,,,
11/08/2021,8/2021,INTERMEDIUM DISTRIBUIDORA DE TITULOS E VALORES MOBILIARIOS LTDA.,CPLE6,Real,"R$ 42,16",Juros sobre capital próprio,,,,,,,,,,,,,,
11/08/2021,8/2021,INTERMEDIUM DISTRIBUIDORA DE TITULOS E VALORES MOBILIARIOS LTDA.,CPLE6,Real,"R$ 8,09",Dividendo,,,,,,,,,,,,,,
11/08/2021,8/2021,INTERMEDIUM DISTRIBUIDORA DE TITULOS E VALORES MOBILIARIOS LTDA.,CPLE6,Real,"R$ 7,48",Juros sobre capital próprio,,,,,,,,,,,,,,
11/08/2021,8/2021,INTERMEDIUM DISTRIBUIDORA DE TITULOS E VALORES MOBILIARIOS LTDA.,WEGE3,Real,"R$ 0,43",Juros sobre capital próprio,,,,,,,,,,,,,,
12/08/2021,8/2021,EASYNVEST - TÍTULO CORRETORA DE VALORES SA,BPAC11,Real,"R$ 1,73",Juros sobre capital próprio,,,,,,,,,,,,,,
13/08/2021,8/2021,EASYNVEST - TÍTULO CORRETORA DE VALORES SA,KNRI11,Real,"R$ 28,29",Rendimentos,,,,,,,,,,,,,,
13/08/2021,8/2021,EASYNVEST - TÍTULO CORRETORA DE VALORES SA,BCFF11,Real,"R$ 37,13",Rendimentos,,,,,,,,,,,,,,
13/08/2021,8/2021,EASYNVEST - TÍTULO CORRETORA DE VALORES SA,HFOF11,Real,"R$ 43,80",Rendimentos,,,,,,,,,,,,,,
13/08/2021,8/2021,EASYNVEST - TÍTULO CORRETORA DE VALORES SA,HGLG11,Real,"R$ 61,60",Rendimentos,,,,,,,,,,,,,,
16/08/2021,8/2021,EASYNVEST - TÍTULO CORRETORA DE VALORES SA,FLRY3,Real,"R$ 5,00",Juros sobre capital próprio,,,,,,,,,,,,,,
16/08/2021,8/2021,EASYNVEST - TÍTULO CORRETORA DE VALORES SA,IPCA+ Juros,Real,"R$ 59,27",Pgto. Juros,,,,,,,,,,,,,,
16/08/2021,8/2021,EASYNVEST - TÍTULO CORRETORA DE VALORES SA,IPCA+ Juros,Real,"R$ 25,66",Pgto. Juros,,,,,,,,,,,,,,
18/08/2021,8/2021,EASYNVEST - TÍTULO CORRETORA DE VALORES SA,GRND3,Real,"R$ 3,32",Dividendo,,,,,,,,,,,,,,
24/08/2021,8/2021,EASYNVEST - TÍTULO CORRETORA DE VALORES SA,JBSS3,Real,"R$ 11,01",Dividendo,,,,,,,,,,,,,,
26/08/2021,8/2021,INTERMEDIUM DISTRIBUIDORA DE TITULOS E VALORES MOBILIARIOS LTDA.,ITSA4,Real,"R$ 1,92",Juros sobre capital próprio,,,,,,,,,,,,,,
26/08/2021,8/2021,INTERMEDIUM DISTRIBUIDORA DE TITULOS E VALORES MOBILIARIOS LTDA.,ITSA4,Real,"R$ 1,38",Juros sobre capital próprio,,,,,,,,,,,,,,
26/08/2021,8/2021,EASYNVEST - TÍTULO CORRETORA DE VALORES SA,ITSA4,Real,"R$ 2,79",Juros sobre capital próprio,,,,,,,,,,,,,,
26/08/2021,8/2021,EASYNVEST - TÍTULO CORRETORA DE VALORES SA,ITSA4,Real,"R$ 4,89",Juros sobre capital próprio,,,,,,,,,,,,,,
26/08/2021,8/2021,EASYNVEST - TÍTULO CORRETORA DE VALORES SA,ITSA4,Real,"R$ 2,41",Juros sobre capital próprio,,,,,,,,,,,,,,
26/08/2021,8/2021,EASYNVEST - TÍTULO CORRETORA DE VALORES SA,ITUB4,Real,"R$ 1,33",Juros sobre capital próprio,,,,,,,,,,,,,,
26/08/2021,8/2021,EASYNVEST - TÍTULO CORRETORA DE VALORES SA,ITSA4,Real,"R$ 2,79",Juros sobre capital próprio,,,,,,,,,,,,,,
26/08/2021,8/2021,EASYNVEST - TÍTULO CORRETORA DE VALORES SA,ITSA4,Real,"R$ 4,89",Juros sobre capital próprio,,,,,,,,,,,,,,
26/08/2021,8/2021,EASYNVEST - TÍTULO CORRETORA DE VALORES SA,ITSA4,Real,"R$ 2,41",Juros sobre capital próprio,,,,,,,,,,,,,,
01/09/2021,9/2021,EASYNVEST - TÍTULO CORRETORA DE VALORES SA,ITUB4,Real,"R$ 0,18",Dividendo,,,,,,,,,,,,,,
08/09/2021,9/2021,"PASSFOLIO SECURITIES, LLC",JNJ,Dolar,"R$ 0,03",Dividendo,,,,,,,,,,,,,,
15/09/2021,9/2021,EASYNVEST - TÍTULO CORRETORA DE VALORES SA,BCFF11,Real,"R$ 43,50",Rendimentos,,,,,,,,,,,,,,
15/09/2021,9/2021,EASYNVEST - TÍTULO CORRETORA DE VALORES SA,HGLG11,Real,"R$ 61,60",Rendimentos,,,,,,,,,,,,,,
15/09/2021,9/2021,EASYNVEST - TÍTULO CORRETORA DE VALORES SA,HGLG11,Real,"R$ 4,16",Rendimentos,,,,,,,,,,,,,,
15/09/2021,9/2021,EASYNVEST - TÍTULO CORRETORA DE VALORES SA,HFOF11,Real,"R$ 43,80",Rendimentos,,,,,,,,,,,,,,
15/09/2021,9/2021,EASYNVEST - TÍTULO CORRETORA DE VALORES SA,KNRI11,Real,"R$ 29,93",Rendimentos,,,,,,,,,,,,,,
30/09/2021,9/2021,EASYNVEST - TÍTULO CORRETORA DE VALORES SA,MDIA3,Real,"R$ 1,15",Juros sobre capital próprio,,,,,,,,,,,,,,
30/09/2021,9/2021,"PASSFOLIO SECURITIES, LLC",NOBL,Dolar,"R$ 4,50",Dividendo,,,,,,,,,,,,,,
30/09/2021,9/2021,"PASSFOLIO SECURITIES, LLC",VNQ,Dolar,"R$ 6,27",Dividendo,,,,,,,,,,,,,,
01/09/2021,9/2021,"PASSFOLIO SECURITIES, LLC",IVV,Dolar,"R$ 3,88",Dividendo,,,,,,,,,,,,,,
07/10/2021,10/2021,EASYNVEST - TÍTULO CORRETORA DE VALORES SA,B3SA3,Real,"R$ 19,40",Dividendo,,,,,,,,,,,,,,
07/10/2021,10/2021,EASYNVEST - TÍTULO CORRETORA DE VALORES SA,B3SA3,Real,"R$ 4,85",Juros sobre capital próprio,,,,,,,,,,,,,,
15/10/2021,10/2021,EASYNVEST - TÍTULO CORRETORA DE VALORES SA,BCFF11,Real,"R$ 43,50",Rendimentos,,,,,,,,,,,,,,
15/10/2021,10/2021,EASYNVEST - TÍTULO CORRETORA DE VALORES SA,HGLG11,Real,"R$ 75,90",Rendimentos,,,,,,,,,,,,,,
15/10/2021,10/2021,EASYNVEST - TÍTULO CORRETORA DE VALORES SA,HFOF11,Real,"R$ 46,20",Rendimentos,,,,,,,,,,,,,,
15/10/2021,10/2021,EASYNVEST - TÍTULO CORRETORA DE VALORES SA,KNRI11,Real,"R$ 35,42",Rendimentos,,,,,,,,,,,,,,
16/11/2021,11/2021,EASYNVEST - TÍTULO CORRETORA DE VALORES SA,BCFF11,Real,"R$ 43,50",Rendimentos,,,,,,,,,,,,,,
16/11/2021,11/2021,EASYNVEST - TÍTULO CORRETORA DE VALORES SA,HGLG11,Real,"R$ 75,90",Rendimentos,,,,,,,,,,,,,,
16/11/2021,11/2021,EASYNVEST - TÍTULO CORRETORA DE VALORES SA,HFOF11,Real,"R$ 46,20",Rendimentos,,,,,,,,,,,,,,
16/11/2021,11/2021,EASYNVEST - TÍTULO CORRETORA DE VALORES SA,KNRI11,Real,"R$ 35,42",Rendimentos,,,,,,,,,,,,,,
16/11/2021,11/2021,EASYNVEST - TÍTULO CORRETORA DE VALORES SA,GGBR4,Real,"R$ 41,18",Dividendo,,,,,,,,,,,,,,
16/11/2021,11/2021,EASYNVEST - TÍTULO CORRETORA DE VALORES SA,GGBR4,Real,"R$ 4,93",Juros sobre capital próprio,,,,,,,,,,,,,,
16/11/2021,11/2021,EASYNVEST - TÍTULO CORRETORA DE VALORES SA,GGBR4,Real,"R$ 9,37",Juros sobre capital próprio,,,,,,,,,,,,,,
17/11/2021,11/2021,EASYNVEST - TÍTULO CORRETORA DE VALORES SA,TRPL4,Real,"R$ 21,91",Juros sobre capital próprio,,,,,,,,,,,,,,
17/11/2021,11/2021,EASYNVEST - TÍTULO CORRETORA DE VALORES SA,TRPL4,Real,"R$ 17,46",Dividendo,,,,,,,,,,,,,,
24/11/2021,11/2021,EASYNVEST - TÍTULO CORRETORA DE VALORES SA,GRND3,Real,"R$ 13,58",Dividendo,,,,,,,,,,,,,,
25/11/2021,11/2021,EASYNVEST - TÍTULO CORRETORA DE VALORES SA,WIZC3,Real,"R$ 41,92",Dividendo,,,,,,,,,,,,,,
30/11/2021,11/2021,EASYNVEST - TÍTULO CORRETORA DE VALORES SA,CPLE11,Real,"R$ 15,53",Juros sobre capital próprio,,,,,,,,,,,,,,
30/11/2021,11/2021,EASYNVEST - TÍTULO CORRETORA DE VALORES SA,CPLE11,Real,"R$ 91,23",Dividendo,,,,,,,,,,,,,,
30/11/2021,11/2021,EASYNVEST - TÍTULO CORRETORA DE VALORES SA,CPLE6,Real,"R$ 0,08",Juros sobre capital próprio,,,,,,,,,,,,,,
30/11/2021,11/2021,EASYNVEST - TÍTULO CORRETORA DE VALORES SA,CPLE6,Real,"R$ 0,45",Dividendo,,,,,,,,,,,,,,
08/12/2021,12/2021,EASYNVEST - TÍTULO CORRETORA DE VALORES SA,JNJ,Dolar,"R$ 0,03",Dividendo,,,,,,,,,,,,,,
14/12/2021,12/2021,EASYNVEST - TÍTULO CORRETORA DE VALORES SA,BCFF11,Real,"R$ 55,00",Rendimentos,,,,,,,,,,,,,,
14/12/2021,12/2021,EASYNVEST - TÍTULO CORRETORA DE VALORES SA,HFOF11,Real,"R$ 46,20",Rendimentos,,,,,,,,,,,,,,
14/12/2021,12/2021,EASYNVEST - TÍTULO CORRETORA DE VALORES SA,HGLG11,Real,"R$ 75,90",Rendimentos,,,,,,,,,,,,,,
14/12/2021,12/2021,EASYNVEST - TÍTULO CORRETORA DE VALORES SA,KNRI11,Real,"R$ 35,42",Rendimentos,,,,,,,,,,,,,,
20/12/2021,12/2021,"PASSFOLIO SECURITIES, LLC",IVV,Dolar,"R$ 3,44",Dividendo,,,,,,,,,,,,,,
28/12/2021,12/2021,EASYNVEST - TÍTULO CORRETORA DE VALORES SA,GRND3,Real,"R$ 7,38",Dividendo,,,,,,,,,,,,,,
28/12/2021,12/2021,"PASSFOLIO SECURITIES, LLC",ESPO,Dolar,"R$ 42,70",Dividendo,,,,,,,,,,,,,,
28/12/2021,12/2021,"PASSFOLIO SECURITIES, LLC",ESPO,Dolar,"R$ 4,51",Dividendo,,,,,,,,,,,,,,
28/12/2021,12/2021,"PASSFOLIO SECURITIES, LLC",ESPO,Dolar,"R$ 0,98",Dividendo,,,,,,,,,,,,,,
30/12/2021,12/2021,EASYNVEST - TÍTULO CORRETORA DE VALORES SA,ABEV3,Real,"R$ 11,73",Dividendo,,,,,,,,,,,,,,
30/12/2021,12/2021,EASYNVEST - TÍTULO CORRETORA DE VALORES SA,ABEV3,Real,"R$ 35,17",Juros sobre capital próprio,,,,,,,,,,,,,,
30/12/2021,12/2021,EASYNVEST - TÍTULO CORRETORA DE VALORES SA,B3SA3,Real,"R$ 19,27",Dividendo,,,,,,,,,,,,,,
30/12/2021,12/2021,EASYNVEST - TÍTULO CORRETORA DE VALORES SA,FLRY3,Real,"R$ 5,64",Juros sobre capital próprio,,,,,,,,,,,,,,
30/12/2021,12/2021,EASYNVEST - TÍTULO CORRETORA DE VALORES SA,MDIA3,Real,"R$ 1,32",Juros sobre capital próprio,,,,,,,,,,,,,,
31/12/2021,12/2021,"PASSFOLIO SECURITIES, LLC",VNQ,Dolar,"R$ 10,05",Dividendo,,,,,,,,,,,,,,
03/01/2022,1/2022,EASYNVEST - TÍTULO CORRETORA DE VALORES SA,ITSA4,Real,"R$ 3,12",Juros sobre capital próprio,,,,,,,,,,,,,,
03/01/2022,1/2022,"PASSFOLIO SECURITIES, LLC",NOBL,Dolar,"R$ 6,89",Dividendo,,,,,,,,,,,,,,
07/01/2022,1/2022,EASYNVEST - TÍTULO CORRETORA DE VALORES SA,B3SA3,Real,"R$ 5,46",Juros sobre capital próprio,,,,,,,,,,,,,,
14/01/2022,1/2022,EASYNVEST - TÍTULO CORRETORA DE VALORES SA,BCFF11,Real,"R$ 59,71",Rendimentos,,,,,,,,,,,,,,
14/01/2022,1/2022,EASYNVEST - TÍTULO CORRETORA DE VALORES SA,HFOF11,Real,"R$ 46,20",Rendimentos,,,,,,,,,,,,,,
14/01/2022,1/2022,EASYNVEST - TÍTULO CORRETORA DE VALORES SA,HGLG11,Real,"R$ 120,75",Rendimentos,,,,,,,,,,,,,,
14/01/2022,1/2022,EASYNVEST - TÍTULO CORRETORA DE VALORES SA,KNRI11,Real,"R$ 40,48",Rendimentos,,,,,,,,,,,,,,
18/01/2022,1/2022,EASYNVEST - TÍTULO CORRETORA DE VALORES SA,TRPL4,Real,"R$ 4,88",Juros sobre capital próprio,,,,,,,,,,,,,,
27/01/2022,1/2022,EASYNVEST - TÍTULO CORRETORA DE VALORES SA,SUZB3,Real,"R$ 14,08",Dividendo,,,,,,,,,,,,,,
14/02/2022,2/2022,EASYNVEST - TÍTULO CORRETORA DE VALORES SA,BCFF11,Real,"R$ 59,40",Rendimentos,,,,,,,,,,,,,,
14/02/2022,2/2022,EASYNVEST - TÍTULO CORRETORA DE VALORES SA,HFOF11,Real,"R$ 57,00",Rendimentos,,,,,,,,,,,,,,
14/02/2022,2/2022,EASYNVEST - TÍTULO CORRETORA DE VALORES SA,HGLG11,Real,"R$ 75,90",Rendimentos,,,,,,,,,,,,,,
14/02/2022,2/2022,EASYNVEST - TÍTULO CORRETORA DE VALORES SA,KNRI11,Real,"R$ 37,26",Rendimentos,,,,,,,,,,,,,,
15/02/2022,2/2022,EASYNVEST - TÍTULO CORRETORA DE VALORES SA,IPCA+ Juros,Real,"R$ 62,38",Pgto. Juros,,,,,,,,,,,,,,
15/02/2022,2/2022,EASYNVEST - TÍTULO CORRETORA DE VALORES SA,IPCA+ Juros,Real,"R$ 26,96",Pgto. Juros,,,,,,,,,,,,,,
18/02/2022,2/2022,EASYNVEST - TÍTULO CORRETORA DE VALORES SA,MDIA3,Real,"R$ 71,26",Juros sobre capital próprio,,,,,,,,,,,,,,
04/03/2022,3/2022,EASYNVEST - TÍTULO CORRETORA DE VALORES SA,ITSA4,Real,"R$ 8,36",LEILÃO DE FRAÇÕES,,,,,,,,,,,,,,
09/03/2022,3/2022,EASYNVEST - TÍTULO CORRETORA DE VALORES SA,JNJ,Dolar,"R$ 0,03",Dividendo,,,,,,,,,,,,,,
11/03/2022,3/2022,EASYNVEST - TÍTULO CORRETORA DE VALORES SA,ITSA4,Real,"R$ 21,85",Juros sobre capital próprio,,,,,,,,,,,,,,
11/03/2022,3/2022,EASYNVEST - TÍTULO CORRETORA DE VALORES SA,ITSA4,Real,"R$ 20,52",Juros sobre capital próprio,,,,,,,,,,,,,,
15/03/2022,3/2022,EASYNVEST - TÍTULO CORRETORA DE VALORES SA,BCFF11,Real,"R$ 59,40",Rendimentos,,,,,,,,,,,,,,
15/03/2022,3/2022,EASYNVEST - TÍTULO CORRETORA DE VALORES SA,HFOF11,Real,"R$ 58,80",Rendimentos,,,,,,,,,,,,,,
15/03/2022,3/2022,EASYNVEST - TÍTULO CORRETORA DE VALORES SA,HGLG11,Real,"R$ 75,90",Rendimentos,,,,,,,,,,,,,,
15/03/2022,3/2022,EASYNVEST - TÍTULO CORRETORA DE VALORES SA,KNRI11,Real,"R$ 37,26",Rendimentos,,,,,,,,,,,,,,
16/03/2022,3/2022,EASYNVEST - TÍTULO CORRETORA DE VALORES SA,GGBR4,Real,"R$ 7,00",Dividendo,,,,,,,,,,,,,,
16/03/2022,3/2022,EASYNVEST - TÍTULO CORRETORA DE VALORES SA,WEGE3,Real,"R$ 0,53",Juros sobre capital próprio,,,,,,,,,,,,,,
16/03/2022,3/2022,EASYNVEST - TÍTULO CORRETORA DE VALORES SA,WEGE3,Real,"R$ 1,09",Juros sobre capital próprio,,,,,,,,,,,,,,
16/03/2022,3/2022,EASYNVEST - TÍTULO CORRETORA DE VALORES SA,WEGE3,Real,"R$ 12,10",Dividendo,,,,,,,,,,,,,,
29/03/2022,3/2022,"PASSFOLIO SECURITIES, LLC",VNQ,Dolar,"R$ 6,12",Dividendo,,,,,,,,,,,,,,
31/03/2022,3/2022,EASYNVEST - TÍTULO CORRETORA DE VALORES SA,EZTC3,Real,"R$ 23,93",Dividendo,,,,,,,,,,,,,,
31/03/2022,3/2022,EASYNVEST - TÍTULO CORRETORA DE VALORES SA,MDIA3,Real,"R$ 2,04",Juros sobre capital próprio,,,,,,,,,,,,,,
31/03/2022,3/2022,"PASSFOLIO SECURITIES, LLC",NOBL,Dolar,"R$ 4,26",Dividendo,,,,,,,,,,,,,,
31/03/2022,3/2022,"PASSFOLIO SECURITIES, LLC",IVV,Dolar,"R$ 3,77",Dividendo,,,,,,,,,,,,,,
01/04/2022,4/2022,EASYNVEST - TÍTULO CORRETORA DE VALORES SA,ITSA4,Real,"R$ 3,12",Juros sobre capital próprio,,,,,,,,,,,,,,
04/04/2022,4/2022,EASYNVEST - TÍTULO CORRETORA DE VALORES SA,FLRY3,Real,"R$ 63,17",Dividendo,,,,,,,,,,,,,,
08/04/2022,4/2022,EASYNVEST - TÍTULO CORRETORA DE VALORES SA,B3SA3,Real,"R$ 19,67",Dividendo,,,,,,,,,,,,,,
08/04/2022,4/2022,EASYNVEST - TÍTULO CORRETORA DE VALORES SA,B3SA3,Real,"R$ 6,41",Juros sobre capital próprio,,,,,,,,,,,,,,
14/04/2022,4/2022,EASYNVEST - TÍTULO CORRETORA DE VALORES SA,BCFF11,Real,"R$ 59,40",Rendimentos,,,,,,,,,,,,,,
14/04/2022,4/2022,EASYNVEST - TÍTULO CORRETORA DE VALORES SA,HFOF11,Real,"R$ 58,80",Rendimentos,,,,,,,,,,,,,,
14/04/2022,4/2022,EASYNVEST - TÍTULO CORRETORA DE VALORES SA,HGLG11,Real,"R$ 75,90",Rendimentos,,,,,,,,,,,,,,
14/04/2022,4/2022,EASYNVEST - TÍTULO CORRETORA DE VALORES SA,KNRI11,Real,"R$ 37,26",Rendimentos,,,,,,,,,,,,,,
29/04/2022,4/2022,EASYNVEST - TÍTULO CORRETORA DE VALORES SA,WIZC3,Real,"R$ 8,02",Dividendo,,,,,,,,,,,,,,
04/05/2022,5/2022,EASYNVEST - TÍTULO CORRETORA DE VALORES SA,LREN3,Real,"R$ 0,50",Juros sobre capital próprio,,,,,,,,,,,,,,
13/05/2022,5/2022,EASYNVEST - TÍTULO CORRETORA DE VALORES SA,SUZB3,Real,"R$ 11,26",Dividendo,,,,,,,,,,,,,,
13/05/2022,5/2022,EASYNVEST - TÍTULO CORRETORA DE VALORES SA,BCFF11,Real,"R$ 59,40",Rendimentos,,,,,,,,,,,,,,
13/05/2022,5/2022,EASYNVEST - TÍTULO CORRETORA DE VALORES SA,HFOF11,Real,"R$ 58,80",Rendimentos,,,,,,,,,,,,,,
13/05/2022,5/2022,EASYNVEST - TÍTULO CORRETORA DE VALORES SA,HGLG11,Real,"R$ 75,90",Rendimentos,,,,,,,,,,,,,,
13/05/2022,5/2022,EASYNVEST - TÍTULO CORRETORA DE VALORES SA,KNRI11,Real,"R$ 42,84",Rendimentos,,,,,,,,,,,,,,
18/05/2022,5/2022,EASYNVEST - TÍTULO CORRETORA DE VALORES SA,GRND3,Real,"R$ 0,03",Dividendo,,,,,,,,,,,,,,
18/05/2022,5/2022,EASYNVEST - TÍTULO CORRETORA DE VALORES SA,GRND3,Real,"R$ 8,87",Juros sobre capital próprio,,,,,,,,,,,,,,
25/05/2022,5/2022,EASYNVEST - TÍTULO CORRETORA DE VALORES SA,GRND3,Real,"R$ 6,67",Dividendo,,,,,,,,,,,,,,
25/05/2022,5/2022,EASYNVEST - TÍTULO CORRETORA DE VALORES SA,GGBR4,Real,"R$ 16,96",Juros sobre capital próprio,,,,,,,,,,,,,,
25/05/2022,5/2022,EASYNVEST - TÍTULO CORRETORA DE VALORES SA,GRND3,Real,"R$ 4,50",Juros sobre capital próprio,,,,,,,,,,,,,,
31/05/2022,5/2022,EASYNVEST - TÍTULO CORRETORA DE VALORES SA,EZTC3,Real,"R$ 5,86",Dividendo,,,,,,,,,,,,,,
08/06/2022,6/2022,"PASSFOLIO SECURITIES, LLC",JNJ,Dolar,"R$ 0,03",Dividendo,,,,,,,,,,,,,,
14/06/2022,6/2022,EASYNVEST - TÍTULO CORRETORA DE VALORES SA,BCFF11,Real,"R$ 59,40",Rendimentos,,,,,,,,,,,,,,
14/06/2022,6/2022,EASYNVEST - TÍTULO CORRETORA DE VALORES SA,HFOF11,Real,"R$ 64,20",Rendimentos,,,,,,,,,,,,,,
14/06/2022,6/2022,EASYNVEST - TÍTULO CORRETORA DE VALORES SA,HGLG11,Real,"R$ 75,90",Rendimentos,,,,,,,,,,,,,,
14/06/2022,6/2022,EASYNVEST - TÍTULO CORRETORA DE VALORES SA,KNRI11,Real,"R$ 46,20",Rendimentos,,,,,,,,,,,,,,
16/06/2022,6/2022,"PASSFOLIO SECURITIES, LLC",IVV,Dolar,"R$ 3,61",Dividendo,,,,,,,,,,,,,,
24/06/2022,6/2022,EASYNVEST - TÍTULO CORRETORA DE VALORES SA,SAPR11,Real,"R$ 44,79",Juros sobre capital próprio,,,,,,,,,,,,,,
24/06/2022,6/2022,EASYNVEST - TÍTULO CORRETORA DE VALORES SA,SAPR11,Real,"R$ 5,98",Dividendo,,,,,,,,,,,,,,
24/06/2022,6/2022,EASYNVEST - TÍTULO CORRETORA DE VALORES SA,SAPR11,Real,"R$ 34,85",Juros sobre capital próprio,,,,,,,,,,,,,,
29/06/2022,6/2022,"PASSFOLIO SECURITIES, LLC",VNQ,Dolar,"R$ 6,68",Dividendo,,,,,,,,,,,,,,
30/06/2022,6/2022,"PASSFOLIO SECURITIES, LLC",NOBL,Dolar,"R$ 5,00",Dividendo,,,,,,,,,,,,,,
30/06/2022,6/2022,EASYNVEST - TÍTULO CORRETORA DE VALORES SA,CPLE11,Real,"R$ 18,35",Juros sobre capital próprio,,,,,,,,,,,,,,
30/06/2022,6/2022,EASYNVEST - TÍTULO CORRETORA DE VALORES SA,CPLE11,Real,"R$ 117,04",Dividendo,,,,,,,,,,,,,,
30/06/2022,6/2022,EASYNVEST - TÍTULO CORRETORA DE VALORES SA,CPLE6,Real,"R$ 0,09",Juros sobre capital próprio,,,,,,,,,,,,,,
30/06/2022,6/2022,EASYNVEST - TÍTULO CORRETORA DE VALORES SA,CPLE6,Real,"R$ 0,51",Dividendo,,,,,,,,,,,,,,
30/06/2022,6/2022,EASYNVEST - TÍTULO CORRETORA DE VALORES SA,MDIA3,Real,"R$ 2,04",Juros sobre capital próprio,,,,,,,,,,,,,,
01/07/2022,7/2022,EASYNVEST - TÍTULO CORRETORA DE VALORES SA,ITSA4,Real,"R$ 3,84",Juros sobre capital próprio,,,,,,,,,,,,,,
08/07/2022,7/2022,EASYNVEST - TÍTULO CORRETORA DE VALORES SA,B3SA3,Real,"R$ 10,48",Dividendo,,,,,,,,,,,,,,
08/07/2022,7/2022,EASYNVEST - TÍTULO CORRETORA DE VALORES SA,B3SA3,Real,"R$ 7,77",Juros sobre capital próprio,,,,,,,,,,,,,,
14/07/2022,7/2022,EASYNVEST - TÍTULO CORRETORA DE VALORES SA,BCFF11,Real,"R$ 66,00",Rendimentos,,,,,,,,,,,,,,
14/07/2022,7/2022,EASYNVEST - TÍTULO CORRETORA DE VALORES SA,HFOF11,Real,"R$ 64,20",Rendimentos,,,,,,,,,,,,,,
14/07/2022,7/2022,EASYNVEST - TÍTULO CORRETORA DE VALORES SA,HGLG11,Real,"R$ 227,70",Rendimentos,,,,,,,,,,,,,,
14/07/2022,7/2022,EASYNVEST - TÍTULO CORRETORA DE VALORES SA,KNRI11,Real,"R$ 46,20",Rendimentos,,,,,,,,,,,,,,
19/07/2022,7/2022,EASYNVEST - TÍTULO CORRETORA DE VALORES SA,VIVT3,Real,"R$ 5,77",Juros sobre capital próprio,,,,,,,,,,,,,,
19/07/2022,7/2022,EASYNVEST - TÍTULO CORRETORA DE VALORES SA,VIVT3,Real,"R$ 7,76",Juros sobre capital próprio,,,,,,,,,,,,,,
12/08/2022,8/2022,EASYNVEST - TÍTULO CORRETORA DE VALORES SA,BCFF11,Real,"R$ 67,20",Rendimentos,,,,,,,,,,,,,,
12/08/2022,8/2022,EASYNVEST - TÍTULO CORRETORA DE VALORES SA,HFOF11,Real,"R$ 73,78",Rendimentos,,,,,,,,,,,,,,
12/08/2022,8/2022,EASYNVEST - TÍTULO CORRETORA DE VALORES SA,HGLG11,Real,"R$ 75,90",Rendimentos,,,,,,,,,,,,,,
12/08/2022,8/2022,EASYNVEST - TÍTULO CORRETORA DE VALORES SA,KNRI11,Real,"R$ 52,78",Rendimentos,,,,,,,,,,,,,,
15/08/2022,8/2022,EASYNVEST - TÍTULO CORRETORA DE VALORES SA,IPCA+ Juros,Real,"R$ 65,53",Pgto. Juros,,,,,,,,,,,,,,
15/08/2022,8/2022,EASYNVEST - TÍTULO CORRETORA DE VALORES SA,IPCA+ Juros,Real,"R$ 28,46",Pgto. Juros,,,,,,,,,,,,,,
17/08/2022,8/2022,EASYNVEST - TÍTULO CORRETORA DE VALORES SA,WEGE3,Real,"R$ 2,43",Juros sobre capital próprio,,,,,,,,,,,,,,
17/08/2022,8/2022,EASYNVEST - TÍTULO CORRETORA DE VALORES SA,WEGE3,Real,"R$ 1,84",Juros sobre capital próprio,,,,,,,,,,,,,,
17/08/2022,8/2022,EASYNVEST - TÍTULO CORRETORA DE VALORES SA,WEGE3,Real,"R$ 8,70",Dividendo,,,,,,,,,,,,,,
28/08/2022,8/2022,EASYNVEST - TÍTULO CORRETORA DE VALORES SA,GGBR4,Real,"R$ 24,85",Dividendo,,,,,,,,,,,,,,
30/08/2022,8/2022,EASYNVEST - TÍTULO CORRETORA DE VALORES SA,ITSA4,Real,"R$ 1,70",Juros sobre capital próprio,,,,,,,,,,,,,,
30/08/2022,8/2022,EASYNVEST - TÍTULO CORRETORA DE VALORES SA,ITSA4,Real,"R$ 18,50",Juros sobre capital próprio,,,,,,,,,,,,,,
31/08/2022,8/2022,EASYNVEST - TÍTULO CORRETORA DE VALORES SA,EZTC3,Real,"R$ 4,70",Dividendo,,,,,,,,,,,,,,
31/08/2022,8/2022,EASYNVEST - TÍTULO CORRETORA DE VALORES SA,GRND3,Real,"R$ 2,19",Juros sobre capital próprio,,,,,,,,,,,,,,
31/08/2022,8/2022,EASYNVEST - TÍTULO CORRETORA DE VALORES SA,GRND3,Real,"R$ 1,09",Dividendo,,,,,,,,,,,,,,
07/09/2022,9/2022,"PASSFOLIO SECURITIES, LLC",JNJ,Dolar,"R$ 0,03",Dividendo,,,,,,,,,,,,,,
15/09/2022,9/2022,EASYNVEST - TÍTULO CORRETORA DE VALORES SA,BCFF11,Real,"R$ 67,20",Rendimentos,,,,,,,,,,,,,,
15/09/2022,9/2022,EASYNVEST - TÍTULO CORRETORA DE VALORES SA,HFOF11,Real,"R$ 73,78",Rendimentos,,,,,,,,,,,,,,
15/09/2022,9/2022,EASYNVEST - TÍTULO CORRETORA DE VALORES SA,HGLG11,Real,"R$ 75,90",Rendimentos,,,,,,,,,,,,,,
15/09/2022,9/2022,EASYNVEST - TÍTULO CORRETORA DE VALORES SA,KNRI11,Real,"R$ 52,78",Rendimentos,,,,,,,,,,,,,,
29/09/2022,9/2022,"PASSFOLIO SECURITIES, LLC",NOBL,Dolar,"R$ 5,35",Dividendo,,,,,,,,,,,,,,
29/09/2022,9/2022,"PASSFOLIO SECURITIES, LLC",VNQ,Dolar,"R$ 10,98",Dividendo,,,,,,,,,,,,,,
30/09/2022,9/2022,EASYNVEST - TÍTULO CORRETORA DE VALORES SA,MDIA3,Real,"R$ 2,04",Juros sobre capital próprio,,,,,,,,,,,,,,
03/10/2022,10/2022,"PASSFOLIO SECURITIES, LLC",IVV,Dolar,"R$ 5,37",Dividendo,,,,,,,,,,,,,,
03/10/2022,10/2022,EASYNVEST - TÍTULO CORRETORA DE VALORES SA,ITSA4,Real,"R$ 3,88",Juros sobre capital próprio,,,,,,,,,,,,,,
07/10/2022,10/2022,EASYNVEST - TÍTULO CORRETORA DE VALORES SA,B3SA3,Real,"R$ 6,98",Juros sobre capital próprio,,,,,,,,,,,,,,
07/10/2022,10/2022,EASYNVEST - TÍTULO CORRETORA DE VALORES SA,B3SA3,Real,"R$ 4,21",Dividendo,,,,,,,,,,,,,,
17/10/2022,10/2022,EASYNVEST - TÍTULO CORRETORA DE VALORES SA,BCFF11,Real,"R$ 67,20",Rendimentos,,,,,,,,,,,,,,
17/10/2022,10/2022,EASYNVEST - TÍTULO CORRETORA DE VALORES SA,HFOF11,Real,"R$ 73,78",Rendimentos,,,,,,,,,,,,,,
17/10/2022,10/2022,EASYNVEST - TÍTULO CORRETORA DE VALORES SA,HGLG11,Real,"R$ 75,90",Rendimentos,,,,,,,,,,,,,,
17/10/2022,10/2022,EASYNVEST - TÍTULO CORRETORA DE VALORES SA,KNRI11,Real,"R$ 52,78",Rendimentos,,,,,,,,,,,,,,
18/10/2022,10/2022,EASYNVEST - TÍTULO CORRETORA DE VALORES SA,VIVT3,Real,"R$ 16,99",Dividendo,,,,,,,,,,,,,,
18/10/2022,10/2022,EASYNVEST - TÍTULO CORRETORA DE VALORES SA,VIVT3,Real,"R$ 26,66",Dividendo,,,,,,,,,,,,,,
16/11/2022,11/2022,EASYNVEST - TÍTULO CORRETORA DE VALORES SA,BCFF11,Real,"R$ 69,44",Rendimentos,,,,,,,,,,,,,,
16/11/2022,11/2022,EASYNVEST - TÍTULO CORRETORA DE VALORES SA,HFOF11,Real,"R$ 73,78",Rendimentos,,,,,,,,,,,,,,
16/11/2022,11/2022,EASYNVEST - TÍTULO CORRETORA DE VALORES SA,HGLG11,Real,"R$ 75,90",Rendimentos,,,,,,,,,,,,,,
16/11/2022,11/2022,EASYNVEST - TÍTULO CORRETORA DE VALORES SA,KNRI11,Real,"R$ 52,78",Rendimentos,,,,,,,,,,,,,,
23/11/2022,11/2022,EASYNVEST - TÍTULO CORRETORA DE VALORES SA,GRND3,Real,"R$ 8,45",Dividendo,,,,,,,,,,,,,,
23/11/2022,11/2022,EASYNVEST - TÍTULO CORRETORA DE VALORES SA,GRND3,Real,"R$ 4,14",Juros sobre capital próprio,,,,,,,,,,,,,,
25/11/2022,11/2022,EASYNVEST - TÍTULO CORRETORA DE VALORES SA,WIZC3,Real,"R$ 45,47",Dividendo,,,,,,,,,,,,,,
30/11/2022,11/2022,NuInvest Corretora de Valores S.A,EZTC3,Real,"R$ 5,96",Dividendo,,,,,,,,,,,,,,
30/11/2022,11/2022,NuInvest Corretora de Valores S.A,CPLE11,Real,"R$ 43,61",Juros sobre capital próprio,,,,,,,,,,,,,,
30/11/2022,11/2022,NuInvest Corretora de Valores S.A,CPLE6,Real,"R$ 0,19",Juros sobre capital próprio,,,,,,,,,,,,,,
07/12/2022,12/2022,Sproutfi,JNJ,Dolar,"R$ 0,03",Dividendo,,,,,,,,,,,,,,
14/12/2022,12/2022,NuInvest Corretora de Valores S.A,CYRE3,Real,"R$ 38,96",Dividendo,,,,,,,,,,,,,,
14/12/2022,12/2022,NuInvest Corretora de Valores S.A,GGBR4,Real,"R$ 60,55",Dividendo,,,,,,,,,,,,,,
14/12/2022,12/2022,NuInvest Corretora de Valores S.A,GGBR4,Real,"R$ 12,50",Juros sobre capital próprio,,,,,,,,,,,,,,
14/12/2022,12/2022,NuInvest Corretora de Valores S.A,BCFF11,Real,"R$ 69,44",Rendimentos,,,,,,,,,,,,,,
14/12/2022,12/2022,NuInvest Corretora de Valores S.A,HFOF11,Real,"R$ 73,78",Rendimentos,,,,,,,,,,,,,,
14/12/2022,12/2022,NuInvest Corretora de Valores S.A,HGLG11,Real,"R$ 75,90",Rendimentos,,,,,,,,,,,,,,
14/12/2022,12/2022,NuInvest Corretora de Valores S.A,KNRI11,Real,"R$ 52,78",Rendimentos,,,,,,,,,,,,,,
20/12/2022,12/2022,Sproutfi,IVV,Dolar,"R$ 5,00",Dividendo,,,,,,,,,,,,,,
27/12/2022,12/2022,Sproutfi,ESPO,Dolar,"R$ 10,22",Dividendo,,,,,,,,,,,,,,
27/12/2022,12/2022,NuInvest Corretora de Valores S.A,SUZB3,Real,"R$ 34,10",Dividendo,,,,,,,,,,,,,,
29/12/2022,12/2022,Sproutfi,VNQ,Dolar,"R$ 16,05",Dividendo,,,,,,,,,,,,,,
29/12/2022,12/2022,NuInvest Corretora de Valores S.A,MDIA3,Real,"R$ 2,04",Juros sobre capital próprio,,,,,,,,,,,,,,
29/12/2022,12/2022,NuInvest Corretora de Valores S.A,FLRY3,Real,"R$ 37,55",Juros sobre capital próprio,,,,,,,,,,,,,,
29/12/2022,12/2022,NuInvest Corretora de Valores S.A,ABEV3,Real,"R$ 65,45",Juros sobre capital próprio,,,,,,,,,,,,,,
29/12/2022,12/2022,NuInvest Corretora de Valores S.A,B3SA3,Real,"R$ 3,63",Dividendo,,,,,,,,,,,,,,
02/01/2023,1/2023,NuInvest Corretora de Valores S.A,ITSA4,Real,"R$ 4,27",Juros sobre capital próprio,,,,,,,,,,,,,,
03/01/2023,1/2023,Sproutfi,NOBL,Dolar,"R$ 7,97",Dividendo,,,,,,,,,,,,,,
06/01/2023,1/2023,NuInvest Corretora de Valores S.A,ITSA4,Real,"R$ 3,42",LEILÃO DE FRAÇÕES,,,,,,,,,,,,,,
13/01/2023,1/2023,NuInvest Corretora de Valores S.A,BCFF11,Real,"R$ 70,56",Rendimentos,,,,,,,,,,,,,,
13/01/2023,1/2023,NuInvest Corretora de Valores S.A,HFOF11,Real,"R$ 76,26",Rendimentos,,,,,,,,,,,,,,
13/01/2023,1/2023,NuInvest Corretora de Valores S.A,HGLG11,Real,"R$ 151,80",Rendimentos,,,,,,,,,,,,,,
13/01/2023,1/2023,NuInvest Corretora de Valores S.A,KNRI11,Real,"R$ 59,00",Rendimentos,,,,,,,,,,,,,,
14/01/2023,1/2023,NuInvest Corretora de Valores S.A,B3SA3,Real,"R$ 8,16",Juros sobre capital próprio,,,,,,,,,,,,,,
14/02/2023,2/2023,NuInvest Corretora de Valores S.A,BCFF11,Real,"R$ 75,04",Rendimentos,,,,,,,,,,,,,,
14/02/2023,2/2023,NuInvest Corretora de Valores S.A,HFOF11,Real,"R$ 79,38",Rendimentos,,,,,,,,,,,,,,
14/02/2023,2/2023,NuInvest Corretora de Valores S.A,HGLG11,Real,"R$ 75,90",Rendimentos,,,,,,,,,,,,,,
14/02/2023,2/2023,NuInvest Corretora de Valores S.A,KNRI11,Real,"R$ 55,51",Rendimentos,,,,,,,,,,,,,,
15/02/2023,2/2023,NuInvest Corretora de Valores S.A,IPCA+ Juros,Real,"R$ 66,82",Pgto. Juros,,,,,,,,,,,,,,
15/02/2023,2/2023,NuInvest Corretora de Valores S.A,IPCA+ Juros,Real,"R$ 28,63",Pgto. Juros,,,,,,,,,,,,,,
08/03/2023,3/2023,Sproutfi,JNJ,Dolar,"R$ 0,03",Dividendo,,,,,,,,,,,,,,
10/03/2023,3/2023,NuInvest Corretora de Valores S.A,ITSA4,Real,"R$ 25,57",Juros sobre capital próprio,,,,,,,,,,,,,,
14/03/2023,3/2023,NuInvest Corretora de Valores S.A,BCFF11,Real,"R$ 76,16",Rendimentos,,,,,,,,,,,,,,
14/03/2023,3/2023,NuInvest Corretora de Valores S.A,HFOF11,Real,"R$ 82,53",Rendimentos,,,,,,,,,,,,,,
14/03/2023,3/2023,NuInvest Corretora de Valores S.A,HGLG11,Real,"R$ 75,90",Rendimentos,,,,,,,,,,,,,,
14/03/2023,3/2023,NuInvest Corretora de Valores S.A,KNRI11,Real,"R$ 57,95",Rendimentos,,,,,,,,,,,,,,
15/03/2023,3/2023,NuInvest Corretora de Valores S.A,WEGE3,Real,"R$ 14,93",Dividendo,,,,,,,,,,,,,,
15/03/2023,3/2023,NuInvest Corretora de Valores S.A,WEGE3,Real,"R$ 3,05",Juros sobre capital próprio,,,,,,,,,,,,,,
15/03/2023,3/2023,NuInvest Corretora de Valores S.A,WEGE3,Real,"R$ 2,48",Juros sobre capital próprio,,,,,,,,,,,,,,
23/03/2023,3/2023,NuInvest Corretora de Valores S.A,GGBR4,Real,"R$ 7,00",Dividendo,,,,,,,,,,,,,,
30/03/2023,3/2023,Sproutfi,NOBL,Dolar,"R$ 4,80",Dividendo,,,,,,,,,,,,,,
30/03/2023,3/2023,Sproutfi,VNQ,Dolar,"R$ 10,91",Dividendo,,,,,,,,,,,,,,
30/03/2023,3/2023,Sproutfi,IVV,Dolar,"R$ 5,14",Dividendo,,,,,,,,,,,,,,
31/03/2023,3/2023,NuInvest Corretora de Valores S.A,EZTC3,Real,"R$ 3,49",Dividendo,,,,,,,,,,,,,,
31/03/2023,3/2023,NuInvest Corretora de Valores S.A,MDIA3,Real,"R$ 2,04",Juros sobre capital próprio,,,,,,,,,,,,,,
03/04/2023,4/2023,NuInvest Corretora de Valores S.A,ITSA4,Real,"R$ 4,30",Juros sobre capital próprio,,,,,,,,,,,,,,
10/04/2023,4/2023,NuInvest Corretora de Valores S.A,B3SA3,Real,"R$ 5,54",Dividendo,,,,,,,,,,,,,,
10/04/2023,4/2023,NuInvest Corretora de Valores S.A,B3SA3,Real,"R$ 7,73",Juros sobre capital próprio,,,,,,,,,,,,,,
11/04/2023,4/2023,NuInvest Corretora de Valores S.A,TRPL4,Real,"R$ 38,83",Juros sobre capital próprio,,,,,,,,,,,,,,
17/04/2023,4/2023,NuInvest Corretora de Valores S.A,BCFF11,Real,"R$ 80,08",Rendimentos,,,,,,,,,,,,,,
17/04/2023,4/2023,NuInvest Corretora de Valores S.A,HFOF11,Real,"R$ 85,68",Rendimentos,,,,,,,,,,,,,,
17/04/2023,4/2023,NuInvest Corretora de Valores S.A,HGLG11,Real,"R$ 75,90",Rendimentos,,,,,,,,,,,,,,
17/04/2023,4/2023,NuInvest Corretora de Valores S.A,KNRI11,Real,"R$ 59,85",Rendimentos,,,,,,,,,,,,,,
18/04/2023,4/2023,NuInvest Corretora de Valores S.A,VIVT3,Real,"R$ 3,36",Juros sobre capital próprio,,,,,,,,,,,,,,
18/04/2023,4/2023,NuInvest Corretora de Valores S.A,VIVT3,Real,"R$ 5,38",Juros sobre capital próprio,,,,,,,,,,,,,,
18/04/2023,4/2023,NuInvest Corretora de Valores S.A,VIVT3,Real,"R$ 2,01",Juros sobre capital próprio,,,,,,,,,,,,,,
18/04/2023,4/2023,NuInvest Corretora de Valores S.A,VIVT3,Real,"R$ 2,79",Juros sobre capital próprio,,,,,,,,,,,,,,
18/04/2023,4/2023,NuInvest Corretora de Valores S.A,VIVT3,Real,"R$ 1,68",Juros sobre capital próprio,,,,,,,,,,,,,,
18/04/2023,4/2023,NuInvest Corretora de Valores S.A,VIVT3,Real,"R$ 8,04",Juros sobre capital próprio,,,,,,,,,,,,,,
15/05/2023,5/2023,NuInvest Corretora de Valores S.A,BCFF11,Real,"R$ 86,80",Rendimentos,,,,,,,,,,,,,,
15/05/2023,5/2023,NuInvest Corretora de Valores S.A,HFOF11,Real,"R$ 92,61",Rendimentos,,,,,,,,,,,,,,
15/05/2023,5/2023,NuInvest Corretora de Valores S.A,HGLG11,Real,"R$ 75,90",Rendimentos,,,,,,,,,,,,,,
15/05/2023,5/2023,NuInvest Corretora de Valores S.A,KNRI11,Real,"R$ 64,60",Rendimentos,,,,,,,,,,,,,,
17/05/2023,5/2023,NuInvest Corretora de Valores S.A,GRND3,Real,"R$ 264,92",Dividendo,,,,,,,,,,,,,,
17/05/2023,5/2023,NuInvest Corretora de Valores S.A,GRND3,Real,"R$ 24,66",Juros sobre capital próprio,,,,,,,,,,,,,,
17/05/2023,5/2023,NuInvest Corretora de Valores S.A,GGBR4,Real,"R$ 18,59",LEILÃO DE FRAÇÕES,,,,,,,,,,,,,,
29/05/2023,5/2023,NuInvest Corretora de Valores S.A,GGBR4,Real,"R$ 33,38",Juros sobre capital próprio,,,,,,,,,,,,,,
31/05/2023,5/2023,NuInvest Corretora de Valores S.A,EZTC3,Real,"R$ 6,29",Dividendo,,,,,,,,,,,,,,
07/06/2023,6/2023,NuInvest Corretora de Valores S.A,GRND3,Real,"R$ 17,97",Dividendo,,,,,,,,,,,,,,
07/06/2023,6/2023,Sproutfi,JNJ,Dolar,"R$ 0,43",Dividendo,,,,,,,,,,,,,,
14/06/2023,6/2023,Sproutfi,IVV,Dolar,"R$ 4,37",Dividendo,,,,,,,,,,,,,,
15/06/2023,6/2023,NuInvest Corretora de Valores S.A,WIZC3,Real,"R$ 12,34",Dividendo,,,,,,,,,,,,,,
15/06/2023,6/2023,NuInvest Corretora de Valores S.A,WIZC3,Real,"R$ 5,91",Juros sobre capital próprio,,,,,,,,,,,,,,
15/06/2023,6/2023,NuInvest Corretora de Valores S.A,BCFF11,Real,"R$ 86,80",Rendimentos,,,,,,,,,,,,,,
15/06/2023,6/2023,NuInvest Corretora de Valores S.A,HFOF11,Real,"R$ 92,61",Rendimentos,,,,,,,,,,,,,,
15/06/2023,6/2023,NuInvest Corretora de Valores S.A,HGLG11,Real,"R$ 75,90",Rendimentos,,,,,,,,,,,,,,
15/06/2023,6/2023,NuInvest Corretora de Valores S.A,KNRI11,Real,"R$ 64,60",Rendimentos,,,,,,,,,,,,,,
27/06/2023,6/2023,NuInvest Corretora de Valores S.A,SAPR11,Real,"R$ 80,07",Juros sobre capital próprio,,,,,,,,,,,,,,
27/06/2023,6/2023,NuInvest Corretora de Valores S.A,SAPR11,Real,"R$ 44,35",Juros sobre capital próprio,,,,,,,,,,,,,,
29/06/2023,6/2023,Sproutfi,NOBL,Dolar,"R$ 6,93",Dividendo,,,,,,,,,,,,,,
30/06/2023,6/2023,NuInvest Corretora de Valores S.A,CPLE11,Real,"R$ 26,90",Juros sobre capital próprio,,,,,,,,,,,,,,
30/06/2023,6/2023,NuInvest Corretora de Valores S.A,CPLE6,Real,"R$ 0,12",Juros sobre capital próprio,,,,,,,,,,,,,,
30/06/2023,6/2023,NuInvest Corretora de Valores S.A,MDIA3,Real,"R$ 2,81",Juros sobre capital próprio,,,,,,,,,,,,,,
03/07/2023,7/2023,NuInvest Corretora de Valores S.A,ITSA4,Real,"R$ 4,34",Juros sobre capital próprio,,,,,,,,,,,,,,
06/07/2023,7/2023,Sproutfi,VNQ,Dolar,"R$ 15,69",Dividendo,,,,,,,,,,,,,,
07/07/2023,7/2023,NuInvest Corretora de Valores S.A,B3SA3,Real,"R$ 9,13",Dividendo,,,,,,,,,,,,,,
07/07/2023,7/2023,NuInvest Corretora de Valores S.A,B3SA3,Real,"R$ 8,90",Juros sobre capital próprio,,,,,,,,,,,,,,
14/07/2023,7/2023,NuInvest Corretora de Valores S.A,BCFF11,Real,"R$ 87,92",Rendimentos,,,,,,,,,,,,,,
14/07/2023,7/2023,NuInvest Corretora de Valores S.A,HFOF11,Real,"R$ 92,61",Rendimentos,,,,,,,,,,,,,,
14/07/2023,7/2023,NuInvest Corretora de Valores S.A,HGLG11,Real,"R$ 103,50",Rendimentos,,,,,,,,,,,,,,
14/07/2023,7/2023,NuInvest Corretora de Valores S.A,KNRI11,Real,"R$ 102,68",Rendimentos,,,,,,,,,,,,,,
18/07/2023,7/2023,NuInvest Corretora de Valores S.A,VIVT3,Real,"R$ 21,89",Dividendo,,,,,,,,,,,,,,
18/07/2023,7/2023,NuInvest Corretora de Valores S.A,VIVT3,Real,"R$ 13,22",Dividendo,,,,,,,,,,,,,,
14/08/2023,8/2023,NuInvest Corretora de Valores S.A,BCFF11,Real,"R$ 87,92",Rendimentos,,,,,,,,,,,,,,
14/08/2023,8/2023,NuInvest Corretora de Valores S.A,HFOF11,Real,"R$ 92,61",Rendimentos,,,,,,,,,,,,,,
14/08/2023,8/2023,NuInvest Corretora de Valores S.A,HGLG11,Real,"R$ 75,90",Rendimentos,,,,,,,,,,,,,,
14/08/2023,8/2023,NuInvest Corretora de Valores S.A,KNRI11,Real,"R$ 64,60",Rendimentos,,,,,,,,,,,,,,
15/08/2023,8/2023,NuInvest Corretora de Valores S.A,IPCA+ Juros,Real,"R$ 65,35",Pgto. Juros,,,,,,,,,,,,,,
15/08/2023,8/2023,NuInvest Corretora de Valores S.A,IPCA+ Juros,Real,"R$ 30,29",Pgto. Juros,,,,,,,,,,,,,,
16/08/2023,8/2023,NuInvest Corretora de Valores S.A,WEGE3,Real,"R$ 9,58",Dividendo,,,,,,,,,,,,,,
16/08/2023,8/2023,NuInvest Corretora de Valores S.A,WEGE3,Real,"R$ 3,27",Juros sobre capital próprio,,,,,,,,,,,,,,
16/08/2023,8/2023,NuInvest Corretora de Valores S.A,WEGE3,Real,"R$ 2,99",Juros sobre capital próprio,,,,,,,,,,,,,,
18/08/2023,8/2023,NuInvest Corretora de Valores S.A,FLRY3,Real,"R$ 7,71",LEILÃO DE FRAÇÕES,,,,,,,,,,,,,,
25/08/2023,8/2023,NuInvest Corretora de Valores S.A,ITSA4,Real,"R$ 21,10",Juros sobre capital próprio,,,,,,,,,,,,,,
25/08/2023,8/2023,NuInvest Corretora de Valores S.A,ITSA4,Real,"R$ 14,19",Juros sobre capital próprio,,,,,,,,,,,,,,
29/08/2023,8/2023,NuInvest Corretora de Valores S.A,GGBR4,Real,"R$ 33,11",Dividendo,,,,,,,,,,,,,,
31/08/2023,8/2023,NuInvest Corretora de Valores S.A,EZTC3,Real,"R$ 11,23",Dividendo,,,,,,,,,,,,,,
06/09/2023,9/2023,NuInvest Corretora de Valores S.A,GRND3,Real,"R$ 4,78",Dividendo,,,,,,,,,,,,,,
15/09/2023,9/2023,NuInvest Corretora de Valores S.A,BCFF11,Real,"R$ 87,92",Rendimentos,,,,,,,,,,,,,,
15/09/2023,9/2023,NuInvest Corretora de Valores S.A,HFOF11,Real,"R$ 92,61",Rendimentos,,,,,,,,,,,,,,
15/09/2023,9/2023,NuInvest Corretora de Valores S.A,HGLG11,Real,"R$ 75,90",Rendimentos,,,,,,,,,,,,,,
15/09/2023,9/2023,NuInvest Corretora de Valores S.A,KNRI11,Real,"R$ 64,60",Rendimentos,,,,,,,,,,,,,,
29/09/2023,9/2023,NuInvest Corretora de Valores S.A,MDIA3,Real,"R$ 2,81",Juros sobre capital próprio,,,,,,,,,,,,,,
02/10/2023,10/2023,NuInvest Corretora de Valores S.A,ITSA4,Real,"R$ 4,34",Juros sobre capital próprio,,,,,,,,,,,,,,
02/10/2023,10/2023,NuInvest Corretora de Valores S.A,ITSA4,Real,"R$ 8,15",Juros sobre capital próprio,,,,,,,,,,,,,,
02/10/2023,10/2023,NuInvest Corretora de Valores S.A,ITSA4,Real,"R$ 9,35",Juros sobre capital próprio,,,,,,,,,,,,,,
02/10/2023,10/2023,NuInvest Corretora de Valores S.A,ITSA4,Real,"R$ 8,07",Juros sobre capital próprio,,,,,,,,,,,,,,
03/10/2023,10/2023,Sproutfi,IVV,Dolar,"R$ 6,49",Dividendo,,,,,,,,,,,,,,
04/10/2023,10/2023,Sproutfi,VNQ,Dolar,"R$ 12,35",Dividendo,,,,,,,,,,,,,,
06/10/2023,10/2023,NuInvest Corretora de Valores S.A,B3SA3,Real,"R$ 8,42",Dividendo,,,,,,,,,,,,,,
06/10/2023,10/2023,NuInvest Corretora de Valores S.A,B3SA3,Real,"R$ 8,11",Juros sobre capital próprio,,,,,,,,,,,,,,
16/10/2023,10/2023,NuInvest Corretora de Valores S.A,BCFF11,Real,"R$ 87,92",Rendimentos,,,,,,,,,,,,,,
16/10/2023,10/2023,NuInvest Corretora de Valores S.A,HFOF11,Real,"R$ 92,61",Rendimentos,,,,,,,,,,,,,,
16/10/2023,10/2023,NuInvest Corretora de Valores S.A,HGLG11,Real,"R$ 75,90",Rendimentos,,,,,,,,,,,,,,
16/10/2023,10/2023,NuInvest Corretora de Valores S.A,KNRI11,Real,"R$ 68,00",Rendimentos,,,,,,,,,,,,,,
18/10/2023,10/2023,NuInvest Corretora de Valores S.A,VIVT3,Real,"R$ 1,19",Juros sobre capital próprio,,,,,,,,,,,,,,
18/10/2023,10/2023,NuInvest Corretora de Valores S.A,VIVT3,Real,"R$ 6,52",Juros sobre capital próprio,,,,,,,,,,,,,,
31/10/2023,10/2023,NuInvest Corretora de Valores S.A,FLRY3,Real,"R$ 22,58",Juros sobre capital próprio,,,,,,,,,,,,,,
16/11/2023,11/2023,NuInvest Corretora de Valores S.A,BCFF11,Real,"R$ 87,92",Rendimentos,,,,,,,,,,,,,,
16/11/2023,11/2023,NuInvest Corretora de Valores S.A,HFOF11,Real,"R$ 92,61",Rendimentos,,,,,,,,,,,,,,
16/11/2023,11/2023,NuInvest Corretora de Valores S.A,HGLG11,Real,"R$ 75,90",Rendimentos,,,,,,,,,,,,,,
16/11/2023,11/2023,NuInvest Corretora de Valores S.A,KNRI11,Real,"R$ 68,00",Rendimentos,,,,,,,,,,,,,,
30/11/2023,11/2023,NuInvest Corretora de Valores S.A,EZTC3,Real,"R$ 5,83",Dividendo,,,,,,,,,,,,,,
30/11/2023,11/2023,NuInvest Corretora de Valores S.A,CPLE11,Real,"R$ 33,95",Juros sobre capital próprio,,,,,,,,,,,,,,
06/12/2023,12/2023,NuInvest Corretora de Valores S.A,GRND3,Real,"R$ 9,40",Dividendo,,,,,,,,,,,,,,
06/12/2023,12/2023,NuInvest Corretora de Valores S.A,GRND3,Real,"R$ 5,01",Juros sobre capital próprio,,,,,,,,,,,,,,
06/12/2023,12/2023,Sproutfi,JNJ,Dolar,"R$ 0,77",Dividendo,,,,,,,,,,,,,,
12/12/2023,12/2023,NuInvest Corretora de Valores S.A,WIZC3,Real,"R$ 69,95",Dividendo,,,,,,,,,,,,,,
12/12/2023,12/2023,NuInvest Corretora de Valores S.A,WIZC3,Real,"R$ 33,49",Juros sobre capital próprio,,,,,,,,,,,,,,
13/12/2023,12/2023,NuInvest Corretora de Valores S.A,GGBR4,Real,"R$ 36,19",Dividendo,,,,,,,,,,,,,,
14/12/2023,12/2023,NuInvest Corretora de Valores S.A,BCFF11,Real,"R$ 87,92",Rendimentos,,,,,,,,,,,,,,
14/12/2023,12/2023,NuInvest Corretora de Valores S.A,HFOF11,Real,"R$ 92,61",Rendimentos,,,,,,,,,,,,,,
14/12/2023,12/2023,NuInvest Corretora de Valores S.A,HGLG11,Real,"R$ 75,90",Rendimentos,,,,,,,,,,,,,,
14/12/2023,12/2023,NuInvest Corretora de Valores S.A,KNRI11,Real,"R$ 68,00",Rendimentos,,,,,,,,,,,,,,
26/12/2023,12/2023,Sproutfi,ESPO,Dolar,"R$ 14,60",Dividendo,,,,,,,,,,,,,,
28/12/2023,12/2023,Sproutfi,IVV,Dolar,"R$ 6,29",Dividendo,,,,,,,,,,,,,,
28/12/2023,12/2023,Sproutfi,VNQ,Dolar,"R$ 18,15",Dividendo,,,,,,,,,,,,,,
28/12/2023,12/2023,NuInvest Corretora de Valores S.A,ABEV3,Real,"R$ 81,93",Juros sobre capital próprio,,,,,,,,,,,,,,
28/12/2023,12/2023,NuInvest Corretora de Valores S.A,FLRY3,Real,"R$ 35,44",Juros sobre capital próprio,,,,,,,,,,,,,,
28/12/2023,12/2023,NuInvest Corretora de Valores S.A,MDIA3,Real,"R$ 3,37",Juros sobre capital próprio,,,,,,,,,,,,,,
29/12/2023,12/2023,Sproutfi,NOBL,Dolar,"R$ 9,95",Dividendo,,,,,,,,,,,,,,
02/01/2024,1/2024,NuInvest Corretora de Valores S.A,ITSA4,Real,"R$ 4,62",Juros sobre capital próprio,,,,,,,,,,,,,,
08/01/2024,1/2024,NuInvest Corretora de Valores S.A,B3SA3,Real,"R$ 6,96",Dividendo,,,,,,,,,,,,,,
08/01/2024,1/2024,NuInvest Corretora de Valores S.A,B3SA3,Real,"R$ 8,61",Juros sobre capital próprio,,,,,,,,,,,,,,
15/01/2024,1/2024,NuInvest Corretora de Valores S.A,BCFF11,Real,"R$ 87,92",Rendimentos,,,,,,,,,,,,,,
15/01/2024,1/2024,NuInvest Corretora de Valores S.A,HFOF11,Real,"R$ 92,61",Rendimentos,,,,,,,,,,,,,,
15/01/2024,1/2024,NuInvest Corretora de Valores S.A,HGLG11,Real,"R$ 75,90",Rendimentos,,,,,,,,,,,,,,
15/01/2024,1/2024,NuInvest Corretora de Valores S.A,KNRI11,Real,"R$ 68,00",Rendimentos,,,,,,,,,,,,,,
15/01/2024,1/2024,NuInvest Corretora de Valores S.A,TRPL3,Real,"R$ 14,04",Juros sobre capital próprio,,,,,,,,,,,,,,
15/02/2024,2/2024,NuInvest Corretora de Valores S.A,IPCA+ Juros,Real,"R$ 70,43",Pgto. Juros,,,,,,,,,,,,,,
15/02/2024,2/2024,NuInvest Corretora de Valores S.A,IPCA+ Juros,Real,"R$ 30,19",Pgto. Juros,,,,,,,,,,,,,,
16/02/2024,2/2024,NuInvest Corretora de Valores S.A,BCFF11,Real,"R$ 87,92",Rendimentos,,,,,,,,,,,,,,
16/02/2024,2/2024,NuInvest Corretora de Valores S.A,HFOF11,Real,"R$ 92,61",Rendimentos,,,,,,,,,,,,,,
16/02/2024,2/2024,NuInvest Corretora de Valores S.A,HGLG11,Real,"R$ 75,90",Rendimentos,,,,,,,,,,,,,,
16/02/2024,2/2024,NuInvest Corretora de Valores S.A,KNRI11,Real,"R$ 68,00",Rendimentos,,,,,,,,,,,,,,
08/03/2024,3/2024,NuInvest Corretora de Valores S.A,ITSA4,Real,"R$ 9,50",Juros sobre capital próprio,,,,,,,,,,,,,,
08/03/2024,3/2024,NuInvest Corretora de Valores S.A,ITSA4,Real,"R$ 9,50",Juros sobre capital próprio,,,,,,,,,,,,,,
08/03/2024,3/2024,NuInvest Corretora de Valores S.A,ITSA3,Real,"R$ 15,46",Juros sobre capital próprio,,,,,,,,,,,,,,
08/03/2024,3/2024,NuInvest Corretora de Valores S.A,ITSA4,Real,"R$ 21,49",Juros sobre capital próprio,,,,,,,,,,,,,,
08/03/2024,3/2024,NuInvest Corretora de Valores S.A,ITSA3,Real,"R$ 68,81",Dividendo,,,,,,,,,,,,,,
12/03/2024,3/2024,NuInvest Corretora de Valores S.A,GGBR3,Real,"R$ 8,50",Dividendo,,,,,,,,,,,,,,
13/03/2024,3/2024,NuInvest Corretora de Valores S.A,WEGE3,Real,"R$ 4,03",Juros sobre capital próprio,,,,,,,,,,,,,,
13/03/2024,3/2024,NuInvest Corretora de Valores S.A,WEGE3,Real,"R$ 3,35",Juros sobre capital próprio,,,,,,,,,,,,,,
13/03/2024,3/2024,NuInvest Corretora de Valores S.A,WEGE3,Real,"R$ 19,66",Dividendo,,,,,,,,,,,,,,
15/03/2024,3/2024,NuInvest Corretora de Valores S.A,BCFF11,Real,"R$ 91,06",Rendimentos,,,,,,,,,,,,,,
15/03/2024,3/2024,NuInvest Corretora de Valores S.A,HFOF11,Real,"R$ 92,61",Rendimentos,,,,,,,,,,,,,,
15/03/2024,3/2024,NuInvest Corretora de Valores S.A,HGLG11,Real,"R$ 75,90",Rendimentos,,,,,,,,,,,,,,
15/03/2024,3/2024,NuInvest Corretora de Valores S.A,KNRI11,Real,"R$ 68,00",Rendimentos,,,,,,,,,,,,,,
28/03/2024,3/2024,NuInvest Corretora de Valores S.A,EZTC3,Real,"R$ 12,35",Dividendo,,,,,,,,,,,,,,
28/03/2024,3/2024,NuInvest Corretora de Valores S.A,MDIA3,Real,"R$ 3,37",Juros sobre capital próprio,,,,,,,,,,,,,,
28/03/2024,3/2024,Sproutfi,VNQ,Dolar,"R$ 12,56",Dividendo,,,,,,,,,,,,,,
28/03/2024,3/2024,Sproutfi,IVV,Dolar,"R$ 5,44",Dividendo,,,,,,,,,,,,,,
28/03/2024,3/2024,Sproutfi,NOBL,Dolar,"R$ 5,87",Dividendo,,,,,,,,,,,,,,
01/04/2024,4/2024,NuInvest Corretora de Valores S.A,FLRY3,Real,"R$ 23,17",Dividendo,,,,,,,,,,,,,,
01/04/2024,4/2024,NuInvest Corretora de Valores S.A,ITSA3,Real,"R$ 4,58",Juros sobre capital próprio,,,,,,,,,,,,,,
01/04/2024,4/2024,NuInvest Corretora de Valores S.A,MDIA3,Real,"R$ 23,58",Juros sobre capital próprio,,,,,,,,,,,,,,
05/04/2024,4/2024,NuInvest Corretora de Valores S.A,B3SA3,Real,"R$ 11,37",Dividendo,,,,,,,,,,,,,,
05/04/2024,4/2024,NuInvest Corretora de Valores S.A,B3SA3,Real,"R$ 7,58",Juros sobre capital próprio,,,,,,,,,,,,,,
10/04/2024,4/2024,NuInvest Corretora de Valores S.A,TRPL3,Real,"R$ 113,36",Juros sobre capital próprio,,,,,,,,,,,,,,
12/04/2024,4/2024,NuInvest Corretora de Valores S.A,BCFF11,Real,"R$ 96,71",Rendimentos,,,,,,,,,,,,,,
12/04/2024,4/2024,NuInvest Corretora de Valores S.A,HFOF11,Real,"R$ 92,61",Rendimentos,,,,,,,,,,,,,,
12/04/2024,4/2024,NuInvest Corretora de Valores S.A,HGLG11,Real,"R$ 75,90",Rendimentos,,,,,,,,,,,,,,
12/04/2024,4/2024,NuInvest Corretora de Valores S.A,KNRI11,Real,"R$ 68,00",Rendimentos,,,,,,,,,,,,,,
23/04/2024,4/2024,NuInvest Corretora de Valores S.A,VIVT3,Real,"R$ 9,55",Juros sobre capital próprio,,,,,,,,,,,,,,
23/04/2024,4/2024,NuInvest Corretora de Valores S.A,VIVT3,Real,"R$ 3,54",Juros sobre capital próprio,,,,,,,,,,,,,,
23/04/2024,4/2024,NuInvest Corretora de Valores S.A,VIVT3,Real,"R$ 6,25",Juros sobre capital próprio,,,,,,,,,,,,,,
23/04/2024,4/2024,NuInvest Corretora de Valores S.A,VIVT3,Real,"R$ 7,54",Juros sobre capital próprio,,,,,,,,,,,,,,
23/04/2024,4/2024,NuInvest Corretora de Valores S.A,VIVT3,Real,"R$ 20,11",Juros sobre capital próprio,,,,,,,,,,,,,,
23/04/2024,4/2024,NuInvest Corretora de Valores S.A,VIVT3,Real,"R$ 4,72",Juros sobre capital próprio,,,,,,,,,,,,,,
15/05/2024,5/2024,NuInvest Corretora de Valores S.A,GRND3,Real,"R$ 14,98",Dividendo,,,,,,,,,,,,,,
15/05/2024,5/2024,NuInvest Corretora de Valores S.A,GRND3,Real,"R$ 23,81",Juros sobre capital próprio,,,,,,,,,,,,,,
15/05/2024,5/2024,NuInvest Corretora de Valores S.A,BCFF11,Real,"R$ 93,87",Rendimentos,,,,,,,,,,,,,,
15/05/2024,5/2024,NuInvest Corretora de Valores S.A,HFOF11,Real,"R$ 99,54",Rendimentos,,,,,,,,,,,,,,
15/05/2024,5/2024,NuInvest Corretora de Valores S.A,HGLG11,Real,"R$ 81,40",Rendimentos,,,,,,,,,,,,,,
15/05/2024,5/2024,NuInvest Corretora de Valores S.A,KNRI11,Real,"R$ 73,00",Rendimentos,,,,,,,,,,,,,,
27/05/2024,5/2024,NuInvest Corretora de Valores S.A,GGBR3,Real,"R$ 28,56",Dividendo,,,,,,,,,,,,,,
31/05/2024,5/2024,NuInvest Corretora de Valores S.A,EZTC3,Real,"R$ 8,45",Dividendo,,,,,,,,,,,,,,
05/06/2024,6/2024,NuInvest Corretora de Valores S.A,GRND3,Real,sera,Dividendo,,,,,,,,,,,,,,
14/06/2024,6/2024,NuInvest Corretora de Valores S.A,BCFF11,Real,"R$ 95,83",Rendimentos,,,,,,,,,,,,,,
14/06/2024,6/2024,NuInvest Corretora de Valores S.A,HFOF11,Real,"R$ 101,43",Rendimentos,,,,,,,,,,,,,,
14/06/2024,6/2024,NuInvest Corretora de Valores S.A,HGLG11,Real,"R$ 83,60",Rendimentos,,,,,,,,,,,,,,
14/06/2024,6/2024,NuInvest Corretora de Valores S.A,KNRI11,Real,"R$ 74,00",Rendimentos,,,,,,,,,,,,,,
18/06/2024,6/2024,Vest,IVV,Dolar,"R$ 5,26",Dividendo,,,,,,,,,,,,,,
27/06/2024,6/2024,NuInvest Corretora de Valores S.A,SAPR11,Real,"R$ 77,32",Juros sobre capital próprio,,,,,,,,,,,,,,
27/06/2024,6/2024,NuInvest Corretora de Valores S.A,SAPR3,Real,"R$ 51,29",Juros sobre capital próprio,,,,,,,,,,,,,,
28/06/2024,6/2024,NuInvest Corretora de Valores S.A,CPLE3,Real,"R$ 10,34",Dividendo,,,,,,,,,,,,,,
28/06/2024,6/2024,NuInvest Corretora de Valores S.A,MDIA3,Real,"R$ 3,37",Juros sobre capital próprio,,,,,,,,,,,,,,
28/06/2024,6/2024,NuInvest Corretora de Valores S.A,CPLE11,Real,"R$ 37,23",Juros sobre capital próprio,,,,,,,,,,,,,,
01/07/2024,7/2024,NuInvest Corretora de Valores S.A,ITSA3,Real,"R$ 4,58",Juros sobre capital próprio,,,,,,,,,,,,,,
03/07/2024,7/2024,Vest,VNQ,Dolar,"R$ 18,12",Dividendo,,,,,,,,,,,,,,
05/07/2024,7/2024,Vest,NOBL,Dolar,"R$ 8,35",Dividendo,,,,,,,,,,,,,,
05/07/2024,7/2024,NuInvest Corretora de Valores S.A,B3SA3,Real,"R$ 7,41",Juros sobre capital próprio,,,,,,,,,,,,,,
05/07/2024,7/2024,NuInvest Corretora de Valores S.A,B3SA3,Real,"R$ 5,91",Dividendo,,,,,,,,,,,,,,
11/07/2024,7/2024,NuInvest Corretora de Valores S.A,VIVT3,Real,"R$ 41,75",Restituição de Capital,,,,,,,,,,,,,,
12/07/2024,7/2024,NuInvest Corretora de Valores S.A,BCFF11,Real,"R$ 99,54",Rendimentos,,,,,,,,,,,,,,
12/07/2024,7/2024,NuInvest Corretora de Valores S.A,HFOF11,Real,"R$ 101,43",Rendimentos,,,,,,,,,,,,,,
12/07/2024,7/2024,NuInvest Corretora de Valores S.A,HGLG11,Real,"R$ 83,60",Rendimentos,,,,,,,,,,,,,,
12/07/2024,7/2024,NuInvest Corretora de Valores S.A,KNRI11,Real,"R$ 74,00",Rendimentos,,,,,,,,,,,,,,
02/08/2024,8/2024,NuInvest Corretora de Valores S.A,Desconhecido,Real,"R$ 0,16",Rendimentos,,,,,,,,,,,,,,
14/08/2024,8/2024,NuInvest Corretora de Valores S.A,BCFF11,Real,"R$ 109,27",Rendimentos,,,,,,,,,,,,,,
14/08/2024,8/2024,NuInvest Corretora de Valores S.A,HFOF11,Real,"R$ 117,81",Rendimentos,,,,,,,,,,,,,,
14/08/2024,8/2024,NuInvest Corretora de Valores S.A,HGLG11,Real,"R$ 92,40",Rendimentos,,,,,,,,,,,,,,
14/08/2024,8/2024,NuInvest Corretora de Valores S.A,KNRI11,Real,"R$ 81,00",Rendimentos,,,,,,,,,,,,,,
14/08/2024,8/2024,NuInvest Corretora de Valores S.A,WEGE3,Real,"R$ 12,37",Dividendo,,,,,,,,,,,,,,
14/08/2024,8/2024,NuInvest Corretora de Valores S.A,WEGE3,Real,"R$ 3,24",Juros sobre capital próprio,,,,,,,,,,,,,,
14/08/2024,8/2024,NuInvest Corretora de Valores S.A,WEGE3,Real,"R$ 3,52",Juros sobre capital próprio,,,,,,,,,,,,,,
15/08/2024,8/2024,NuInvest Corretora de Valores S.A,IPCA+ Juros,Real,"R$ 102,99",Rendimentos,,,,,,,,,,,,,,
19/08/2024,8/2024,NuInvest Corretora de Valores S.A,Desconhecido,Real,"R$ 0,07",Rendimentos,,,,,,,,,,,,,,
20/08/2024,8/2024,NuInvest Corretora de Valores S.A,GGBR3,Real,"R$ 15,72",Dividendo,,,,,,,,,,,,,,
30/08/2024,8/2024,NuInvest Corretora de Valores S.A,EZTC3,Real,"R$ 15,54",Dividendo,,,,,,,,,,,,,,
30/08/2024,8/2024,NuInvest Corretora de Valores S.A,ITSA3,Real,"R$ 13,63",Juros sobre capital próprio,,,,,,,,,,,,,,
30/08/2024,8/2024,NuInvest Corretora de Valores S.A,ITSA3,Real,"R$ 18,42",Juros sobre capital próprio,,,,,,,,,,,,,,
04/09/2024,9/2024,NuInvest Corretora de Valores S.A,GRND3,Real,"R$ 5,26",Dividendo,,,,,,,,,,,,,,
13/09/2024,9/2024,NuInvest Corretora de Valores S.A,BCFF11,Real,"R$ 109,27",Rendimentos,,,,,,,,,,,,,,
13/09/2024,9/2024,NuInvest Corretora de Valores S.A,HFOF11,Real,"R$ 117,81",Rendimentos,,,,,,,,,,,,,,
13/09/2024,9/2024,NuInvest Corretora de Valores S.A,HGLG11,Real,"R$ 92,40",Rendimentos,,,,,,,,,,,,,,
13/09/2024,9/2024,NuInvest Corretora de Valores S.A,KNRI11,Real,"R$ 81,00",Rendimentos,,,,,,,,,,,,,,
30/09/2024,9/2024,NuInvest Corretora de Valores S.A,MDIA3,Real,"R$ 3,37",Juros sobre capital próprio,,,,,,,,,,,,,,
01/10/2024,10/2024,Vest,IVV,Dolar,"R$ 7,29",Dividendo,,,,,,,,,,,,,,
01/10/2024,10/2024,NuInvest Corretora de Valores S.A,ITSA3,Real,"R$ 4,58",Juros sobre capital próprio,,,,,,,,,,,,,,
02/10/2024,10/2024,Vest,VNQ,Dolar,"R$ 14,45",Dividendo,,,,,,,,,,,,,,
02/10/2024,10/2024,NuInvest Corretora de Valores S.A,FLRY3,Real,"R$ 45,02",Juros sobre capital próprio,,,,,,,,,,,,,,
03/10/2024,10/2024,Vest,NOBL,Dolar,"R$ 8,02",Dividendo,,,,,,,,,,,,,,
07/10/2024,10/2024,NuInvest Corretora de Valores S.A,B3SA3,Real,"R$ 5,98",Dividendo,,,,,,,,,,,,,,
07/10/2024,10/2024,NuInvest Corretora de Valores S.A,B3SA3,Real,"R$ 8,73",Juros sobre capital próprio,,,,,,,,,,,,,,
14/10/2024,10/2024,NuInvest Corretora de Valores S.A,BCFF11,Real,"R$ 109,27",Rendimentos,,,,,,,,,,,,,,
14/10/2024,10/2024,NuInvest Corretora de Valores S.A,HFOF11,Real,"R$ 112,20",Rendimentos,,,,,,,,,,,,,,
14/10/2024,10/2024,NuInvest Corretora de Valores S.A,HGLG11,Real,"R$ 92,40",Rendimentos,,,,,,,,,,,,,,
14/10/2024,10/2024,NuInvest Corretora de Valores S.A,KNRI11,Real,"R$ 81,00",Rendimentos,,,,,,,,,,,,,,
25/10/2024,10/2024,NuInvest Corretora de Valores S.A,BCFF11,Real,"R$ 118,44",Rendimentos,,,,,,,,,,,,,,
14/11/2024,11/2024,NuInvest Corretora de Valores S.A,KNRI11,Real,"R$ 92,00",Rendimentos,,,,,,,,,,,,,,
14/11/2024,11/2024,NuInvest Corretora de Valores S.A,HFOF11,Real,"R$ 117,74",Rendimentos,,,,,,,,,,,,,,
14/11/2024,11/2024,NuInvest Corretora de Valores S.A,EZTC3,Real,"R$ 110,71",Dividendo,,,,,,,,,,,,,,
14/11/2024,11/2024,NuInvest Corretora de Valores S.A,HGLG11,Real,"R$ 92,40",Rendimentos,,,,,,,,,,,,,,
14/11/2024,11/2024,NuInvest Corretora de Valores S.A,EZTC3,Real,"R$ 23,24",Dividendo,,,,,,,,,,,,,,
29/11/2024,11/2024,NuInvest Corretora de Valores S.A,CPLE3,Real,"R$ 15,97",Dividendo,,,,,,,,,,,,,,
29/11/2024,11/2024,NuInvest Corretora de Valores S.A,CPLE3,Real,"R$ 19,01",Juros sobre capital próprio,,,,,,,,,,,,,,
12/12/2024,12/2024,NuInvest Corretora de Valores S.A,WIZC3,Real,"R$ 29,05",Dividendo,,,,,,,,,,,,,,
12/12/2024,12/2024,NuInvest Corretora de Valores S.A,WIZC3,Real,"R$ 51,07",Juros sobre capital próprio,,,,,,,,,,,,,,
16/12/2024,12/2024,NuInvest Corretora de Valores S.A,GGBR3,Real,"R$ 39,30",Dividendo,,,,,,,,,,,,,,
17/12/2024,12/2024,NuInvest Corretora de Valores S.A,VIVT3,Real,"R$ 9,00",Juros sobre capital próprio,,,,,,,,,,,,,,
17/12/2024,12/2024,NuInvest Corretora de Valores S.A,VIVT3,Real,"R$ 4,15",Juros sobre capital próprio,,,,,,,,,,,,,,
17/12/2024,12/2024,NuInvest Corretora de Valores S.A,VIVT3,Real,"R$ 7,10",Juros sobre capital próprio,,,,,,,,,,,,,,
19/12/2024,12/2024,NuInvest Corretora de Valores S.A,BCFF11,Real,"R$ 949,24",Amortização,,,,,,,,,,,,,,
23/12/2024,12/2024,Vest,IVV,Dolar,"R$ 1,37",Dividendo,,,,,,,,,,,,,,
26/12/2024,12/2024,Vest,ESPO,Dolar,"R$ 1,12",Dividendo,,,,,,,,,,,,,,
27/12/2024,12/2024,NuInvest Corretora de Valores S.A,BTHF11,Real,"R$ 131,24",Rendimentos,,,,,,,,,,,,,,
02/01/2025,1/2025,NuInvest Corretora de Valores S.A,ITSA3,Real,"R$ 4,58",Juros sobre capital próprio,,,,,,,,,,,,,,
02/01/2025,1/2025,Vest,NOBL,Dolar,"R$ 1,30",Dividendo,,,,,,,,,,,,,,
15/01/2025,1/2025,NuInvest Corretora de Valores S.A,BTHF11,Real,"R$ 131,71",Rendimentos,,,,,,,,,,,,,,
21/01/2025,1/2025,NuInvest Corretora de Valores S.A,Desconhecido,Real,"R$ 5,15",Rendimentos,,,,,,,,,,,,,,
28/01/2025,1/2025,NuInvest Corretora de Valores S.A,Desconhecido,Real,"R$ 4,11",LEILÃO DE FRAÇÕES,,,,,,,,,,,,,,
14/02/2025,2/2025,NuInvest Corretora de Valores S.A,BTHF11,Real,"R$ 145,20",Rendimentos,,,,,,,,,,,,,,
07/03/2025,3/2025,NuInvest Corretora de Valores S.A,ITSA3,Real,"R$ 97,95",Dividendo,,,,,,,,,,,,,,
07/03/2025,3/2025,NuInvest Corretora de Valores S.A,ITSA3,Real,"R$ 11,88",Juros sobre capital próprio,,,,,,,,,,,,,,
07/03/2025,3/2025,NuInvest Corretora de Valores S.A,ITSA3,Real,"R$ 20,63",Juros sobre capital próprio,,,,,,,,,,,,,,
07/03/2025,3/2025,NuInvest Corretora de Valores S.A,ITSA3,Real,"R$ 9,42",Juros sobre capital próprio,,,,,,,,,,,,,,
12/03/2025,3/2025,NuInvest Corretora de Valores S.A,WEGE3,Real,"R$ 4,48",Juros sobre capital próprio,,,,,,,,,,,,,,
12/03/2025,3/2025,NuInvest Corretora de Valores S.A,WEGE3,Real,"R$ 19,97",Dividendo,,,,,,,,,,,,,,
12/03/2025,3/2025,NuInvest Corretora de Valores S.A,WEGE3,Real,"R$ 3,93",Juros sobre capital próprio,,,,,,,,,,,,,,
14/03/2025,3/2025,NuInvest Corretora de Valores S.A,GGBR3 ,Real,"R$ 13,10",Dividendo,,,,,,,,,,,,,,
18/03/2025,3/2025,NuInvest Corretora de Valores S.A,BTH,Real,"R$ 140,20",Rendimentos,,,,,,,,,,,,,,
24/03/2025,3/2025,NuInvest Corretora de Valores S.A,IVV,Dolar,"R$ 1,13",Dividendo,,,,,,,,,,,,,,
01/04/2025,4/2025,NuInvest Corretora de Valores S.A,ITSA3,Real,"R$ 4,80",Juros sobre capital próprio,,,,,,,,,,,,,,
01/04/2025,4/2025,NuInvest Corretora de Valores S.A,ITSA3,Real,"R$ 4,80",Juros sobre capital próprio,,,,,,,,,,,,,,
02/04/2025,4/2025,NuInvest Corretora de Valores S.A,NOBL,Dolar,"R$ 1,36",Dividendo,,,,,,,,,,,,,,
08/04/2025,4/2025,NuInvest Corretora de Valores S.A,VIVT3,Real,"R$ 15,47",Juros sobre capital próprio,,,,,,,,,,,,,,
08/04/2025,4/2025,NuInvest Corretora de Valores S.A,VIVT3,Real,"R$ 28,85",Juros sobre capital próprio,,,,,,,,,,,,,,
08/04/2025,4/2025,NuInvest Corretora de Valores S.A,VIVT3,Real,"R$ 9,55",Juros sobre capital próprio,,,,,,,,,,,,,,
14/04/2025,4/2025,NuInvest Corretora de Valores S.A,KNRI11,Real,"R$ 90,00",Rendimentos,,,,,,,,,,,,,,
19/05/2025,5/2025,NuInvest Corretora de Valores S.A,GGBR3,Real,"R$ 15,72",Dividendo,,,,,,,,,,,,,,
28/05/2025,5/2025,NuInvest Corretora de Valores S.A,VIVT3,Real,"R$ 319,70",LEILÃO DE FRAÇÕES,,,,,,,,,,,,,,
13/06/2025,6/2025,NuInvest Corretora de Valores S.A,KNRI11,Real,"R$ 90,00",Rendimentos,,,,,,,,,,,,,,
20/06/2025,6/2025,Vest,IVV,Dolar,"R$ 1,20",Dividendo,,,,,,,,,,,,,,
26/06/2025,6/2025,NuInvest Corretora de Valores S.A,SAPR3,Real,"R$ 62,61",Juros sobre capital próprio,,,,,,,,,,,,,,
01/07/2025,7/2025,NuInvest Corretora de Valores S.A,ITSA3,Real,"R$ 4,86",Juros sobre capital próprio,,,,,,,,,,,,,,
14/07/2025,7/2025,NuInvest Corretora de Valores S.A,KNRI11,Real,"R$ 90,00",Rendimentos,,,,,,,,,,,,,,
15/07/2025,7/2025,NuInvest Corretora de Valores S.A,VIVT3,Real,"R$ 56,73",RESTITUIÇÃO DE CAPITAL,,,,,,,,,,,,,,
13/08/2025,8/2025,NuInvest Corretora de Valores S.A,WEGE3,Real,"R$ 4,53",Juros sobre capital próprio,,,,,,,,,,,,,,
14/08/2025,8/2025,NuInvest Corretora de Valores S.A,KNRI11,Real,"R$ 90,00",Rendimentos,,,,,,,,,,,,,,
13/09/2025,9/2025,NuInvest Corretora de Valores S.A,KNRI11,Real,"R$ 90,00",Rendimentos,,,,,,,,,,,,,,
23/10/2025,10/2025,Vest,IVV,Dolar,"R$ 1,28",Dividendo,,,,,,,,,,,,,,
01/10/2025,10/2025,Vest,NOBL,Dolar,"R$ 1,81",Dividendo,,,,,,,,,,,,,,
14/10/2025,10/2025,NuInvest Corretora de Valores S.A,KNRI11,Real,"R$ 90,00",Rendimentos,,,,,,,,,,,,,,
14/11/2025,11/2025,NuInvest Corretora de Valores S.A,KNRI11,Real,"R$ 90,00",Rendimentos,,,,,,,,,,,,,,
02/12/2025,12/2025,NuInvest Corretora de Valores S.A,VIVT3,Real,"R$ 4,34",Juros sobre capital próprio,,,,,,,,,,,,,,
02/12/2025,12/2025,NuInvest Corretora de Valores S.A,VIVT3,Real,"R$ 4,82",Juros sobre capital próprio,,,,,,,,,,,,,,
12/12/2025,12/2025,NuInvest Corretora de Valores S.A,KNRI11,Real,"R$ 90,00",Rendimentos,,,,,,,,,,,,,,
19/12/2025,12/2025,Vest,IVV,Dolar,"R$ 0,36",Dividendo,,,,,,,,,,,,,,
26/12/2025,12/2025,Vest,ESPO,Dolar,"R$ 1,34",Dividendo,,,,,,,,,,,,,,